,Accident,Latitude,Longitude,Date,Time,Address,Route,Log_Mile,City,Event,Conditions,EventBefore,ConditionBefore,Hour,Temperature,Temp_Max,Temp_Min,Monthly_Avg_Temp,Daily_Avg_Temp,Relative_Temp,Dewpoint,Humidity,Month,Weekday,Visibility,Cloud_Coverage,Precipitation_Type,Precipitation_Intensity,Precip_Intensity_Max,Precip_Intensity_Time,Clear,Cloudy,Rain,Fog,Snow,RainBefore,Terrain,Land_Use,Access_Control,Illumination,Operation,Speed_Limit,Thru_Lanes,Num_Lanes,Ad_Sys,Gov_Cont,Func_Class,AADT,DHV,Pavement_Width,Pavement_Type
0,,35.05097,-85.30062,2019-02-01,0:02:55,700-798 E 4th St,3303552001,0.527,CHATTANOOGA,clear-night,Clear,partly-cloudy-night,Mostly Cloudy,0,25.5,46.83,22.68,,,,11.67,0.55,2,4,3.65,0.51,,0.0,0.0,-1000,1,0,0,0,0,0,2.0,2.0,0.0,1.0,1.0,30.0,2.0,2.0,18.0,4.0,16.0,18840.0,11.0,14.0,15.0
1,,35.014767,-85.163566,2019-02-01,16:04:10,7400 E Brainerd Rd,330E291001,0.025,CHATTANOOGA,partly-cloudy-day,Mostly Cloudy,partly-cloudy-night,Mostly Cloudy,16,60.34,60.34,33.64,,,,24.97,0.26,2,4,6.06,0.72,,0.0,0.0,-1000,0,1,0,0,0,0,2.0,0.0,0.0,,2.0,,1.0,1.0,12.0,4.0,19.0,,,12.0,15.0
2,,35.059008,-85.297646,2019-02-01,5:30:41,1001 Heritage Landing Dr,330A049001,0.32,CHATTANOOGA,partly-cloudy-night,Partly Cloudy,partly-cloudy-night,Mostly Cloudy,5,36.25,60.57,33.34,,,,23.02,0.58,2,4,5.6,0.72,,0.0,0.0,-1000,0,1,0,0,0,0,,,,,,,,,,,,,,,
3,,35.061335,-85.210387,2019-02-01,22:00:38,3916 Zinnia St,330E673001,0.058,CHATTANOOGA,partly-cloudy-night,Mostly Cloudy,partly-cloudy-night,Mostly Cloudy,22,47.42,60.5,33.59,,,,31.08,0.53,2,4,6.31,0.73,,0.0,0.0,-1000,0,1,0,0,0,0,2.0,7.0,0.0,,2.0,15.0,2.0,2.0,12.0,4.0,19.0,,,28.0,15.0
4,,35.052982,-85.180231,2019-02-01,23:04:23,7200 - 7227 Noah Reid Rd,330C327001,0.005,CHATTANOOGA,partly-cloudy-night,Mostly Cloudy,partly-cloudy-night,Mostly Cloudy,23,44.85,60.39,33.72,,,,29.24,0.54,2,4,6.22,0.73,,0.0,0.0,-1000,0,1,0,0,0,0,2.0,4.0,0.0,1.0,2.0,25.0,2.0,2.0,12.0,4.0,19.0,,,12.0,15.0
5,,35.041177000000005,-85.15298100000003,2019-02-01,3:15:09,7308 Shallowford Rd,3301122001,0.191,CHATTANOOGA,cloudy,Overcast,partly-cloudy-night,Mostly Cloudy,3,37.88,60.24,33.68,,,,23.69,0.56,2,4,6.02,0.73,,0.0,0.0,-1000,0,1,0,0,0,0,2.0,2.0,0.0,1.0,2.0,40.0,4.0,4.0,18.0,4.0,14.0,13110.0,11.0,24.0,15.0
6,,35.041177000000005,-85.15298100000003,2019-02-01,13:28:57,7308 Shallowford Rd,3301122001,0.191,CHATTANOOGA,partly-cloudy-day,Mostly Cloudy,partly-cloudy-night,Mostly Cloudy,13,54.7,60.24,33.68,,,,23.13,0.29,2,4,6.02,0.73,,0.0,0.0,-1000,0,1,0,0,0,0,2.0,2.0,0.0,1.0,2.0,40.0,4.0,4.0,18.0,4.0,14.0,13110.0,11.0,24.0,15.0
7,,35.023823,-85.247288,2019-02-01,23:54:20,3536 BRAINERD R,3303577001,1.611,CHATTANOOGA,partly-cloudy-night,Mostly Cloudy,partly-cloudy-night,Mostly Cloudy,23,44.28,60.27,33.11,,,,30.28,0.58,2,4,6.27,0.73,,0.0,0.0,-1000,0,1,0,0,0,0,2.0,4.0,0.0,1.0,2.0,30.0,2.0,2.0,18.0,4.0,16.0,7060.0,10.0,10.0,15.0
8,,35.016889,-85.181912,2019-02-01,20:18:29,1300 Hickory Valley Rd,3303603001,0.002,CHATTANOOGA,partly-cloudy-night,Mostly Cloudy,partly-cloudy-night,Mostly Cloudy,20,49.97,60.31,33.53,,,,28.49,0.43,2,4,6.1,0.72,,0.0,0.0,-1000,0,1,0,0,0,0,2.0,2.0,0.0,1.0,2.0,35.0,2.0,2.0,18.0,4.0,16.0,13120.0,12.0,12.0,15.0
9,,34.996081,-85.206737,2019-02-01,15:54:49,100 Interstate 75 Nb,33I0075001,0.7709999999999999,,partly-cloudy-day,Mostly Cloudy,partly-cloudy-night,Mostly Cloudy,15,58.77,60.69,33.67,,,,24.17,0.26,2,4,6.1,0.72,,0.0,0.0,-1000,0,1,0,0,0,0,1.0,2.0,2.0,1.0,2.0,55.0,6.0,8.0,2.0,1.0,11.0,108850.0,9.0,36.0,15.0
10,,34.992376,-85.227021,2019-02-01,7:13:55,5600 RINGGOLD RD,33SR008001,2.313,EAST RIDGE,partly-cloudy-night,Partly Cloudy,partly-cloudy-night,Mostly Cloudy,7,33.56,60.67,33.56,,,,23.43,0.66,2,4,3.94,0.72,,0.0,0.0,-1000,0,1,0,0,0,0,2.0,2.0,0.0,1.0,2.0,35.0,4.0,4.0,13.0,1.0,14.0,19070.0,11.0,24.0,15.0
11,,34.991133000000005,-85.224631,2019-02-01,18:15:08,5700 Ringgold Rd,330B889001,0.022,EAST RIDGE,partly-cloudy-day,Mostly Cloudy,partly-cloudy-night,Mostly Cloudy,18,57.42,60.67,33.57,,,,26.86,0.31,2,4,6.13,0.72,,0.0,0.0,-1000,0,1,0,0,0,0,2.0,0.0,0.0,,2.0,,2.0,2.0,12.0,4.0,19.0,,,26.0,15.0
12,,34.995433,-85.235377,2019-02-01,11:57:05,5300 Ringgold Rd,33SR008001,2.832,EAST RIDGE,partly-cloudy-day,Mostly Cloudy,partly-cloudy-night,Mostly Cloudy,11,46.99,60.68,33.5,,,,25.17,0.42,2,4,5.76,0.72,,0.0,0.0,-1000,0,1,0,0,0,0,2.0,2.0,0.0,1.0,2.0,35.0,4.0,4.0,13.0,1.0,14.0,19070.0,11.0,24.0,15.0
13,,35.046036,-85.31010699999999,2019-02-01,23:15:48,820 Broad St,3303561001,0.018000000000000002,CHATTANOOGA,partly-cloudy-night,Mostly Cloudy,partly-cloudy-night,Mostly Cloudy,23,44.65,60.57,33.26,,,,30.18,0.57,2,4,6.37,0.71,,0.0,0.0,-1000,0,1,0,0,0,0,2.0,2.0,0.0,1.0,2.0,30.0,6.0,6.0,18.0,4.0,16.0,9160.0,13.0,36.0,15.0
14,,35.134221999999994,-85.265631,2019-02-01,11:16:17,4902 DELASHMITT RD,330G455001,0.027000000000000003,CHATTANOOGA,partly-cloudy-day,Mostly Cloudy,partly-cloudy-night,Mostly Cloudy,11,45.94,58.68,33.04,,,,25.21,0.44,2,4,7.02,0.75,,0.0,0.0,-1000,0,1,0,0,0,0,2.0,7.0,0.0,1.0,2.0,30.0,2.0,2.0,12.0,4.0,19.0,,,18.0,15.0
15,,35.080234000000004,-85.297013,2019-02-01,4:35:09,703 Mansion Cir,330A177001,0.402,CHATTANOOGA,partly-cloudy-night,Mostly Cloudy,partly-cloudy-night,Mostly Cloudy,4,38.15,60.11,32.98,,,,22.68,0.53,2,4,6.72,0.73,,0.0,0.0,-1000,0,1,0,0,0,0,2.0,7.0,0.0,1.0,2.0,,2.0,2.0,12.0,4.0,19.0,,,24.0,15.0
16,,35.029535,-85.18699000000002,2019-02-01,13:38:56,Vance Rd / Lee Hwy,33SR002001,16.646,CHATTANOOGA,partly-cloudy-day,Mostly Cloudy,partly-cloudy-night,Mostly Cloudy,13,54.73,60.34,33.58,,,,23.17,0.29,2,4,5.93,0.73,,0.0,0.0,-1000,0,1,0,0,0,0,2.0,2.0,0.0,1.0,2.0,40.0,4.0,4.0,13.0,1.0,14.0,24540.0,10.0,22.0,15.0
17,,35.040694,-85.318901,2019-02-01,7:39:06,1439 Cypress Street Ct,330A381001,0.011,CHATTANOOGA,clear-night,Clear,partly-cloudy-night,Mostly Cloudy,7,33.12,60.7,33.12,,,,23.51,0.67,2,4,2.62,0.7,,0.0,0.0,-1000,1,0,0,0,0,0,2.0,7.0,0.0,1.0,2.0,15.0,2.0,2.0,12.0,4.0,19.0,,,16.0,15.0
18,,35.029535,-85.18699000000002,2019-02-01,16:40:18,Vance Rd / Lee Hwy,33SR002001,16.646,CHATTANOOGA,partly-cloudy-day,Mostly Cloudy,partly-cloudy-night,Mostly Cloudy,16,60.34,60.34,33.58,,,,24.91,0.26,2,4,6.15,0.73,,0.0,0.0,-1000,0,1,0,0,0,0,2.0,2.0,0.0,1.0,2.0,40.0,4.0,4.0,13.0,1.0,14.0,24540.0,10.0,22.0,15.0
19,,35.130371999999994,-85.236698,2019-02-01,16:46:50,302 Northgate Mall Dr,3305715001,0.6829999999999999,CHATTANOOGA,partly-cloudy-day,Mostly Cloudy,partly-cloudy-night,Mostly Cloudy,16,59.35,59.35,33.77,,,,25.77,0.27,2,4,6.97,0.75,,0.0,0.0,-1000,0,1,0,0,0,0,2.0,0.0,0.0,1.0,2.0,,2.0,2.0,18.0,4.0,17.0,5480.0,12.0,12.0,15.0
20,,35.016971000000005,-85.206001,2019-02-01,14:14:11,5972 BRAINERD RD,33SR320001,0.018000000000000002,CHATTANOOGA,partly-cloudy-day,Partly Cloudy,partly-cloudy-night,Mostly Cloudy,14,57.01,60.65,33.68,,,,24.18,0.28,2,4,6.15,0.72,,0.0,0.0,-1000,0,1,0,0,0,0,2.0,2.0,0.0,1.0,2.0,35.0,2.0,2.0,21.0,1.0,14.0,14820.0,11.0,16.0,15.0
21,,35.014109999999995,-85.324562,2019-02-01,14:34:51,3604 Tennessee Ave,330A873001,0.115,CHATTANOOGA,partly-cloudy-day,Partly Cloudy,partly-cloudy-night,Mostly Cloudy,14,56.87,60.78,33.18,,,,24.22,0.28,2,4,3.41,0.69,,0.0,0.0,-1000,0,1,0,0,0,0,2.0,4.0,0.0,1.0,2.0,30.0,1.0,1.0,12.0,4.0,19.0,,,12.0,15.0
22,,35.008709,-85.205213,2019-02-01,17:35:59,490 Greenway View Dr,330C353001,0.461,CHATTANOOGA,partly-cloudy-day,Mostly Cloudy,partly-cloudy-night,Mostly Cloudy,17,59.52,60.66,33.67,,,,25.66,0.27,2,4,6.13,0.72,,0.0,0.0,-1000,0,1,0,0,0,0,2.0,0.0,0.0,,2.0,,2.0,2.0,12.0,4.0,19.0,,,48.0,15.0
23,,35.016915999999995,-85.16207299999998,2019-02-01,16:00:53,1502 Gunbarrel Rd,3304987001,0.141,CHATTANOOGA,partly-cloudy-day,Mostly Cloudy,partly-cloudy-night,Mostly Cloudy,16,60.33,60.33,33.64,,,,24.97,0.26,2,4,6.07,0.72,,0.0,0.0,-1000,0,1,0,0,0,0,2.0,7.0,0.0,1.0,2.0,40.0,4.0,4.0,18.0,4.0,14.0,26160.0,11.0,24.0,15.0
24,,35.017934000000004,-85.26105799999998,2019-02-01,23:11:31,500 S SEMINOLE DR,330B314001,0.016,EAST RIDGE,partly-cloudy-night,Mostly Cloudy,partly-cloudy-night,Mostly Cloudy,23,43.93,60.0,32.78,,,,30.28,0.58,2,4,6.28,0.72,,0.0,0.0,-1000,0,1,0,0,0,0,2.0,0.0,0.0,,2.0,,2.0,2.0,12.0,4.0,19.0,,,16.0,15.0
25,,34.998166999999995,-85.221101,2019-02-01,4:23:52,961 Spring Creek Rd,330B810001,0.272,EAST RIDGE,cloudy,Overcast,partly-cloudy-night,Mostly Cloudy,4,38.17,60.69,33.62,,,,22.74,0.53,2,4,6.14,0.72,,0.0,0.0,-1000,0,1,0,0,0,0,2.0,7.0,0.0,1.0,2.0,15.0,2.0,2.0,12.0,4.0,19.0,,,26.0,15.0
26,,35.083125,-85.06460200000002,2019-02-01,23:30:34,5500-5599 LITTLE DEBBIE PKWY,3304976001,1.621,COLLEGEDALE,partly-cloudy-night,Mostly Cloudy,partly-cloudy-night,Mostly Cloudy,23,44.47,59.25,34.0,,,,29.94,0.56,2,4,6.37,0.74,,0.0,0.0,-1000,0,1,0,0,0,0,2.0,2.0,0.0,,2.0,40.0,2.0,2.0,18.0,4.0,16.0,9860.0,10.0,12.0,15.0
27,,35.030394,-85.268601,2019-02-01,20:53:38,2400 BAILEY AVE,330A472001,0.044,CHATTANOOGA,partly-cloudy-night,Mostly Cloudy,partly-cloudy-night,Mostly Cloudy,20,50.97,60.57,33.45,,,,28.55,0.42,2,4,6.18,0.71,,0.0,0.0,-1000,0,1,0,0,0,0,2.0,0.0,0.0,,2.0,,2.0,2.0,12.0,4.0,19.0,,,34.0,15.0
28,,35.161571,-85.36784499999997,2019-02-01,3:06:56,2650 Sam Powell Trl,3304999001,2.412,SIGNAL MOUNTAIN,cloudy,Overcast,clear-night,Clear,3,36.0,55.96,30.44,,,,21.52,0.55,2,4,5.64,0.71,,0.0,0.0,-1000,0,1,0,0,0,0,2.0,0.0,0.0,,2.0,30.0,2.0,2.0,18.0,4.0,17.0,1990.0,15.0,11.0,15.0
29,,35.033777,-85.14801700000002,2019-02-01,1:56:14,7442 COMMONS BLVD,330F888001,0.604,CHATTANOOGA,cloudy,Overcast,partly-cloudy-night,Mostly Cloudy,1,36.92,60.22,33.65,,,,22.34,0.55,2,4,6.02,0.73,,0.0,0.0,-1000,0,1,0,0,0,0,2.0,2.0,0.0,1.0,2.0,,2.0,4.0,12.0,4.0,19.0,,,36.0,15.0
30,,35.161571,-85.36784499999997,2019-02-01,4:00:57,2650 Sam Powell Trl,3304999001,2.412,SIGNAL MOUNTAIN,partly-cloudy-night,Partly Cloudy,clear-night,Clear,4,33.2,55.96,30.44,,,,22.76,0.65,2,4,5.64,0.71,,0.0,0.0,-1000,0,1,0,0,0,0,2.0,0.0,0.0,,2.0,30.0,2.0,2.0,18.0,4.0,17.0,1990.0,15.0,11.0,15.0
31,,35.03694,-85.152422,2019-02-01,0:07:41,2129 GUNBARREL RD,330F888001,0.243,CHATTANOOGA,clear-night,Clear,partly-cloudy-night,Mostly Cloudy,0,25.7,46.63,22.44,,,,11.5,0.54,2,4,4.44,0.5,,0.0,0.0,-1000,1,0,0,0,0,0,2.0,0.0,0.0,,2.0,,2.0,2.0,12.0,4.0,19.0,,,38.0,15.0
32,,35.01759000000001,-85.17345,2019-02-01,19:08:19,7020 E BRAINERD RD,330E416001,0.319,CHATTANOOGA,partly-cloudy-night,Mostly Cloudy,partly-cloudy-night,Mostly Cloudy,19,53.26,60.35,33.61,,,,27.91,0.37,2,4,5.94,0.72,,0.0,0.0,-1000,0,1,0,0,0,0,2.0,7.0,0.0,,2.0,,2.0,2.0,12.0,4.0,19.0,,,22.0,15.0
33,,35.017610999999995,-85.178462,2019-02-01,4:08:22,1 - 9 Exit 3b Off Ramp Nb,33I0075001,3.492,CHATTANOOGA,cloudy,Overcast,partly-cloudy-night,Mostly Cloudy,4,38.01,60.34,33.58,,,,22.18,0.52,2,4,6.1,0.72,,0.0,0.0,-1000,0,1,0,0,0,0,2.0,2.0,2.0,0.0,2.0,55.0,7.0,10.0,2.0,1.0,11.0,109980.0,9.0,48.0,18.0
34,,35.017967,-85.173778,2019-02-01,6:09:39,1400 - 1409 N Concord Rd,3304986001,0.008,CHATTANOOGA,partly-cloudy-night,Partly Cloudy,partly-cloudy-night,Mostly Cloudy,6,33.99,60.36,33.62,,,,23.02,0.64,2,4,5.94,0.72,,0.0,0.0,-1000,0,1,0,0,0,0,2.0,7.0,0.0,1.0,2.0,35.0,2.0,2.0,18.0,4.0,17.0,5180.0,13.0,20.0,15.0
35,,35.084363,-85.318335,2019-02-01,1:09:40,103 Signal Mountain Rd,33SR008001,12.005,RED BANK,cloudy,Overcast,partly-cloudy-night,Mostly Cloudy,1,38.26,60.39,33.14,,,,21.22,0.5,2,4,6.77,0.72,,0.0,0.0,-1000,0,1,0,0,0,0,2.0,2.0,0.0,1.0,2.0,40.0,4.0,4.0,21.0,1.0,16.0,15570.0,11.0,22.0,15.0
36,,35.017727,-85.174648,2019-02-01,2:12:45,6900-6999 E BRAINERD RD,33SR320001,1.928,CHATTANOOGA,cloudy,Overcast,partly-cloudy-night,Mostly Cloudy,2,38.1,60.37,33.63,,,,22.97,0.54,2,4,6.09,0.72,,0.0,0.0,-1000,0,1,0,0,0,0,2.0,2.0,0.0,0.0,2.0,40.0,4.0,5.0,21.0,1.0,14.0,42060.0,10.0,24.0,15.0
37,,35.053687,-85.186275,2019-02-01,12:17:31,Shallowford Rd / Stein Dr,330E652001,0.004,CHATTANOOGA,partly-cloudy-day,Mostly Cloudy,partly-cloudy-night,Mostly Cloudy,12,49.27,60.56,33.74,,,,24.47,0.38,2,4,5.98,0.73,,0.0,0.0,-1000,0,1,0,0,0,0,2.0,2.0,0.0,,2.0,30.0,1.0,1.0,12.0,4.0,19.0,,,10.0,15.0
38,,35.042813,-85.29045500000002,2019-02-01,0:18:17,1000 OAK ST,330A383001,0.189,CHATTANOOGA,clear-night,Clear,partly-cloudy-night,Mostly Cloudy,0,25.49,46.8,22.64,,,,11.66,0.55,2,4,3.66,0.51,,0.0,0.0,-1000,1,0,0,0,0,0,2.0,7.0,0.0,1.0,2.0,25.0,2.0,2.0,12.0,4.0,19.0,,,20.0,15.0
39,,35.062836,-85.194969,2019-02-01,14:18:49,4140 Jersey Pike,33SR153001,3.174,CHATTANOOGA,partly-cloudy-day,Partly Cloudy,partly-cloudy-night,Mostly Cloudy,14,56.72,60.49,33.66,,,,24.35,0.28,2,4,6.28,0.73,,0.0,0.0,-1000,0,1,0,0,0,0,2.0,4.0,2.0,0.0,2.0,55.0,6.0,8.0,13.0,1.0,12.0,72870.0,10.0,36.0,15.0
40,,35.149501,-85.24985,2019-02-01,21:11:21,5617 Highway 153,330C910001,0.733,CHATTANOOGA,partly-cloudy-night,Mostly Cloudy,partly-cloudy-night,Mostly Cloudy,21,48.7,58.94,34.45,,,,31.66,0.52,2,4,7.08,0.77,,0.0,0.0,-1000,0,1,0,0,0,0,2.0,7.0,0.0,1.0,2.0,25.0,2.0,2.0,12.0,4.0,19.0,,,36.0,15.0
41,,35.107439,-85.272335,2019-02-01,23:13:15,3637 Hixson Pike,3303588001,1.761,CHATTANOOGA,partly-cloudy-night,Mostly Cloudy,partly-cloudy-night,Mostly Cloudy,23,44.89,60.22,33.27,,,,30.15,0.56,2,4,6.75,0.74,,0.0,0.0,-1000,0,1,0,0,0,0,2.0,2.0,0.0,1.0,2.0,40.0,4.0,4.0,16.0,4.0,14.0,21540.0,12.0,24.0,15.0
42,,34.989207,-85.209636,2019-02-01,20:16:53,6408 RINGGOLD RD,3304147001,0.245,EAST RIDGE,partly-cloudy-night,Mostly Cloudy,partly-cloudy-night,Mostly Cloudy,20,50.28,60.67,33.62,,,,28.74,0.43,2,4,6.09,0.72,,0.0,0.0,-1000,0,1,0,0,0,0,2.0,7.0,0.0,1.0,2.0,30.0,2.0,2.0,18.0,4.0,17.0,9760.0,11.0,24.0,15.0
43,,35.114544,-85.258033,2019-02-01,3:18:22,4041 Hixson Pike,3303588001,2.797,CHATTANOOGA,cloudy,Overcast,partly-cloudy-night,Mostly Cloudy,3,38.11,60.4,33.55,,,,23.38,0.55,2,4,6.74,0.74,,0.0,0.0,-1000,0,1,0,0,0,0,2.0,2.0,0.0,1.0,2.0,40.0,4.0,4.0,16.0,4.0,14.0,28190.0,10.0,24.0,15.0
44,,35.092051,-85.304889,2019-02-01,1:24:35,2225 James Ave,330C773001,0.069,RED BANK,cloudy,Overcast,partly-cloudy-night,Mostly Cloudy,1,38.17,60.26,33.1,,,,21.24,0.5,2,4,6.77,0.73,,0.0,0.0,-1000,0,1,0,0,0,0,2.0,7.0,0.0,,2.0,25.0,2.0,2.0,12.0,4.0,19.0,,,20.0,15.0
45,,35.097262,-85.22689,2019-02-01,19:36:18,620 HIGHWAY 153 NB,33SR153001,6.267,CHATTANOOGA,partly-cloudy-night,Mostly Cloudy,partly-cloudy-night,Mostly Cloudy,19,53.41,60.47,33.69,,,,28.28,0.38,2,4,5.9,0.74,,0.0,0.0,-1000,0,1,0,0,0,0,2.0,4.0,2.0,0.0,2.0,55.0,4.0,4.0,13.0,1.0,12.0,50350.0,11.0,24.0,15.0
46,,35.013479,-85.326053,2019-02-01,11:39:52,3550 Broad St,33SR017001,2.12,CHATTANOOGA,partly-cloudy-day,Mostly Cloudy,partly-cloudy-night,Mostly Cloudy,11,46.58,60.75,33.14,,,,25.22,0.43,2,4,2.79,0.69,,0.0,0.0,-1000,0,1,0,0,0,0,2.0,2.0,0.0,1.0,2.0,30.0,2.0,2.0,13.0,1.0,14.0,13700.0,10.0,12.0,15.0
47,,35.003975,-85.14957199999998,2019-02-01,7:50:00,Graysville Rd / E Brainerd Rd,33SR320001,3.831,CHATTANOOGA,clear-night,Clear,partly-cloudy-night,Mostly Cloudy,7,33.72,60.4,33.72,,,,22.95,0.64,2,4,4.41,0.72,,0.0,0.0,-1000,1,0,0,0,0,0,2.0,2.0,0.0,1.0,2.0,40.0,4.0,4.0,21.0,1.0,14.0,19580.0,11.0,22.0,15.0
48,,34.995506,-85.148309,2019-02-01,0:50:44,Graysville Rd / Iris Rd,3303608001,0.596,CHATTANOOGA,clear-night,Clear,partly-cloudy-night,Mostly Cloudy,0,25.71,46.73,22.43,,,,11.51,0.54,2,4,4.44,0.48,,0.0,0.0,-1000,1,0,0,0,0,0,2.0,7.0,0.0,1.0,2.0,40.0,2.0,2.0,18.0,4.0,16.0,6400.0,13.0,20.0,15.0
49,,34.996095000000004,-85.148739,2019-02-01,4:50:51,905 Graysville Rd,3303608001,0.552,CHATTANOOGA,cloudy,Overcast,partly-cloudy-night,Mostly Cloudy,4,37.92,60.35,33.65,,,,22.26,0.53,2,4,5.98,0.72,,0.0,0.0,-1000,0,1,0,0,0,0,2.0,7.0,0.0,1.0,2.0,40.0,2.0,2.0,18.0,4.0,16.0,6400.0,13.0,20.0,15.0
50,,34.995506,-85.148309,2019-02-01,6:14:59,Graysville Rd / Iris Rd,3303608001,0.596,CHATTANOOGA,partly-cloudy-night,Partly Cloudy,partly-cloudy-night,Mostly Cloudy,6,33.96,60.34,33.64,,,,23.07,0.64,2,4,5.98,0.72,,0.0,0.0,-1000,0,1,0,0,0,0,2.0,7.0,0.0,1.0,2.0,40.0,2.0,2.0,18.0,4.0,16.0,6400.0,13.0,20.0,15.0
51,,35.041321999999994,-85.296215,2019-02-01,2:20:04,800 E Martin Luther King Blvd,3305404001,0.815,CHATTANOOGA,cloudy,Overcast,partly-cloudy-night,Mostly Cloudy,2,38.09,60.57,33.32,,,,22.54,0.53,2,4,6.31,0.71,,0.0,0.0,-1000,0,1,0,0,0,0,2.0,4.0,0.0,1.0,2.0,25.0,4.0,4.0,16.0,4.0,16.0,12610.0,13.0,40.0,15.0
52,,35.016212,-85.179472,2019-02-01,5:25:20,340 Interstate 75 Nb,33I0075001,3.378,CHATTANOOGA,partly-cloudy-night,Partly Cloudy,partly-cloudy-night,Mostly Cloudy,5,36.14,60.33,33.56,,,,22.67,0.58,2,4,5.93,0.72,,0.0,0.0,-1000,0,1,0,0,0,0,2.0,2.0,2.0,0.0,2.0,55.0,6.0,7.0,2.0,1.0,11.0,129750.0,9.0,48.0,18.0
53,,34.995573,-85.149778,2019-02-01,4:38:36,8100 - 8199 Iris Rd,330E574001,0.099,CHATTANOOGA,cloudy,Overcast,partly-cloudy-night,Mostly Cloudy,4,37.93,60.37,33.66,,,,22.27,0.53,2,4,5.98,0.72,,0.0,0.0,-1000,0,1,0,0,0,0,,,,,,,,,,,,,,,
54,,34.986733,-85.32999699999998,2019-02-01,19:38:39,W 56th St / Tennessee Ave,330A751001,0.146,CHATTANOOGA,partly-cloudy-night,Mostly Cloudy,partly-cloudy-night,Mostly Cloudy,19,53.39,60.6,32.97,,,,27.75,0.37,2,4,2.96,0.68,,0.0,0.0,-1000,0,1,0,0,0,0,2.0,0.0,0.0,,2.0,,2.0,2.0,12.0,4.0,19.0,,,24.0,15.0
55,,34.995506,-85.148309,2019-02-01,2:55:01,Graysville Rd / Iris Rd,3303608001,0.596,CHATTANOOGA,cloudy,Overcast,partly-cloudy-night,Mostly Cloudy,2,38.07,60.34,33.64,,,,23.08,0.54,2,4,5.98,0.72,,0.0,0.0,-1000,0,1,0,0,0,0,2.0,7.0,0.0,1.0,2.0,40.0,2.0,2.0,18.0,4.0,16.0,6400.0,13.0,20.0,15.0
56,,35.038239000000004,-85.309338,2019-02-01,5:57:51,1400 Cowart St,330A653001,0.012,CHATTANOOGA,partly-cloudy-night,Partly Cloudy,partly-cloudy-night,Mostly Cloudy,5,36.34,60.7,33.16,,,,22.86,0.58,2,4,2.64,0.7,,0.0,0.0,-1000,0,1,0,0,0,0,2.0,4.0,0.0,1.0,2.0,,2.0,2.0,12.0,4.0,19.0,,,30.0,15.0
57,,35.018106,-85.20417900000002,2019-02-01,11:07:32,5706 LEE HWY,33SR002001,15.395,CHATTANOOGA,partly-cloudy-day,Mostly Cloudy,partly-cloudy-night,Mostly Cloudy,11,47.2,60.63,33.68,,,,25.03,0.42,2,4,5.87,0.72,,0.0,0.0,-1000,0,1,0,0,0,0,2.0,2.0,0.0,1.0,2.0,40.0,4.0,4.0,13.0,1.0,14.0,24540.0,10.0,24.0,15.0
58,,35.082749,-85.05854000000002,2019-02-01,4:10:31,Lee Hwy / Ooltewah Georgetown Rd,3301145001,6.876,COLLEGEDALE,cloudy,Overcast,partly-cloudy-night,Mostly Cloudy,4,37.34,59.23,34.0,,,,22.72,0.55,2,4,6.89,0.74,,0.0,0.0,-1000,0,1,0,0,0,0,2.0,7.0,0.0,1.0,2.0,40.0,2.0,2.0,18.0,4.0,16.0,5580.0,11.0,22.0,15.0
59,,34.982978,-85.149322,2019-02-01,20:21:44,106 JULIAN RD,330E376001,0.321,,partly-cloudy-night,Mostly Cloudy,partly-cloudy-night,Mostly Cloudy,20,49.7,60.37,33.63,,,,28.58,0.44,2,4,5.95,0.71,,0.0,0.0,-1000,0,1,0,0,0,0,,,,,,,,,,,,,,,
60,,35.228115,-85.201957,2019-02-01,3:28:33,9100 FRONTAGE RD,330D628001,1.452,SODDY DAISY,cloudy,Overcast,partly-cloudy-night,Mostly Cloudy,3,37.01,58.62,34.15,,,,25.45,0.63,2,4,7.66,0.79,,0.0,0.0,-1000,0,1,0,0,0,0,3.0,0.0,0.0,,2.0,45.0,2.0,2.0,12.0,4.0,19.0,,,22.0,15.0
61,,35.203922,-85.096638,2019-02-01,5:28:33,9100 HARRISON BAY RD,3300948001,3.916,HAMILTON COUNTY,partly-cloudy-night,Mostly Cloudy,partly-cloudy-night,Mostly Cloudy,5,35.5,57.94,34.57,,,,23.87,0.62,2,4,10.0,0.81,,0.0,0.0,-1000,0,1,0,0,0,0,2.0,0.0,0.0,,2.0,40.0,2.0,2.0,18.0,2.0,17.0,590.0,13.0,,
62,,35.228115,-85.201957,2019-02-01,20:28:34,9100 FRONTAGE RD,330D628001,1.452,SODDY DAISY,partly-cloudy-night,Mostly Cloudy,partly-cloudy-night,Mostly Cloudy,20,50.59,58.62,34.15,,,,30.76,0.46,2,4,7.63,0.79,,0.0,0.0,-1000,0,1,0,0,0,0,3.0,0.0,0.0,,2.0,45.0,2.0,2.0,12.0,4.0,19.0,,,22.0,15.0
63,,35.23229,-85.194254,2019-02-01,18:40:19,Harrison Ln / Frontage Rd,330D628001,2.026,SODDY DAISY,partly-cloudy-day,Mostly Cloudy,partly-cloudy-night,Mostly Cloudy,18,56.49,58.49,34.05,,,,27.57,0.33,2,4,7.7,0.79,,0.0,0.0,-1000,0,1,0,0,0,0,3.0,0.0,0.0,,2.0,45.0,2.0,2.0,12.0,4.0,19.0,,,22.0,15.0
64,,35.228115,-85.201957,2019-02-01,15:44:45,9100 FRONTAGE RD,330D628001,1.452,SODDY DAISY,partly-cloudy-day,Partly Cloudy,partly-cloudy-night,Mostly Cloudy,15,57.4,58.62,34.15,,,,24.9,0.28,2,4,7.63,0.79,,0.0,0.0,-1000,0,1,0,0,0,0,3.0,0.0,0.0,,2.0,45.0,2.0,2.0,12.0,4.0,19.0,,,22.0,15.0
65,,35.083886,-85.197621,2019-02-01,18:01:24,4510 Highway 58,330D228001,0.059,CHATTANOOGA,partly-cloudy-day,Mostly Cloudy,partly-cloudy-night,Mostly Cloudy,18,56.75,60.22,33.59,,,,26.99,0.32,2,4,6.21,0.74,,0.0,0.0,-1000,0,1,0,0,0,0,2.0,0.0,0.0,,2.0,,2.0,2.0,12.0,4.0,19.0,,,26.0,15.0
66,,35.083886,-85.197621,2019-02-01,19:02:55,4510 Highway 58,330D228001,0.059,CHATTANOOGA,partly-cloudy-night,Mostly Cloudy,partly-cloudy-night,Mostly Cloudy,19,53.09,60.22,33.59,,,,28.29,0.38,2,4,5.88,0.74,,0.0,0.0,-1000,0,1,0,0,0,0,2.0,0.0,0.0,,2.0,,2.0,2.0,12.0,4.0,19.0,,,26.0,15.0
67,,35.085093,-85.199229,2019-02-01,14:06:51,4501 HIGHWAY 58,33SR058001,5.019,CHATTANOOGA,partly-cloudy-day,Partly Cloudy,partly-cloudy-night,Mostly Cloudy,14,56.33,60.19,33.55,,,,24.35,0.29,2,4,6.22,0.74,,0.0,0.0,-1000,0,1,0,0,0,0,2.0,2.0,0.0,1.0,2.0,40.0,6.0,6.0,13.0,1.0,14.0,39370.0,10.0,33.0,15.0
68,,35.041303000000006,-85.153824,2019-02-01,19:14:23,7300 Shallowford Rd,3304986001,2.1630000000000003,CHATTANOOGA,partly-cloudy-night,Mostly Cloudy,partly-cloudy-night,Mostly Cloudy,19,53.28,60.25,33.68,,,,28.0,0.37,2,4,6.02,0.73,,0.0,0.0,-1000,0,1,0,0,0,0,2.0,2.0,0.0,1.0,2.0,35.0,3.0,3.0,18.0,4.0,17.0,5180.0,13.0,12.0,15.0
69,,35.041607,-85.15415899999998,2019-02-01,7:14:35,2270-2299 Hamilton Place Blvd,3304986001,2.174,CHATTANOOGA,clear-night,Clear,partly-cloudy-night,Mostly Cloudy,7,33.68,60.25,33.68,,,,22.94,0.64,2,4,4.34,0.73,,0.0,0.0,-1000,1,0,0,0,0,0,2.0,2.0,0.0,1.0,2.0,35.0,3.0,3.0,18.0,4.0,17.0,5180.0,13.0,12.0,15.0
70,,35.040925,-85.151563,2019-02-01,8:14:49,7320 - 7399 Shallowford Rd,3301122001,0.271,CHATTANOOGA,partly-cloudy-day,Mostly Cloudy,partly-cloudy-night,Mostly Cloudy,8,34.13,60.22,33.67,,,,23.07,0.64,2,4,6.02,0.73,,0.0,0.0,-1000,0,1,0,0,0,0,2.0,2.0,0.0,1.0,2.0,40.0,4.0,4.0,18.0,4.0,14.0,13110.0,11.0,24.0,15.0
71,,35.007176,-85.231362,2019-02-01,8:51:04,N Terrace / S Moore Rd,3305770001,0.7509999999999999,CHATTANOOGA,partly-cloudy-day,Mostly Cloudy,partly-cloudy-night,Mostly Cloudy,8,33.94,60.67,33.55,,,,23.92,0.66,2,4,5.79,0.72,,0.0,0.0,-1000,0,1,0,0,0,0,2.0,7.0,0.0,1.0,1.0,,2.0,3.0,18.0,4.0,16.0,11220.0,10.0,36.0,15.0
72,,35.020104,-85.296453,2019-02-01,16:23:12,1-9 Exit 180b Off Ramp Eb,33I0024002,9.108,CHATTANOOGA,partly-cloudy-day,Mostly Cloudy,partly-cloudy-night,Mostly Cloudy,16,60.76,60.76,33.49,,,,25.34,0.26,2,4,6.24,0.71,,0.0,0.0,-1000,0,1,0,0,0,0,2.0,2.0,2.0,1.0,2.0,55.0,6.0,8.0,2.0,1.0,11.0,120370.0,9.0,36.0,15.0
73,,35.205276,-85.177313,2019-02-01,1:43:53,8609 Walnut Rd,3303591001,4.526,HAMILTON COUNTY,cloudy,Overcast,partly-cloudy-night,Mostly Cloudy,1,37.17,58.47,34.12,,,,23.04,0.56,2,4,7.42,0.79,,0.0,0.0,-1000,0,1,0,0,0,0,2.0,0.0,0.0,,2.0,30.0,2.0,2.0,18.0,2.0,16.0,5900.0,12.0,20.0,15.0
74,,35.11727,-85.278136,2019-02-01,18:47:14,700 - 749 Ashland Ter,3303587001,0.6609999999999999,CHATTANOOGA,partly-cloudy-day,Mostly Cloudy,partly-cloudy-night,Mostly Cloudy,18,56.8,59.94,32.97,,,,27.0,0.32,2,4,6.79,0.74,,0.0,0.0,-1000,0,1,0,0,0,0,2.0,4.0,0.0,1.0,2.0,40.0,4.0,4.0,18.0,4.0,16.0,18190.0,11.0,24.0,15.0
75,,35.028890999999994,-85.262676,2019-02-01,1:57:51,500 Dodds Ave,330A544001,0.447,CHATTANOOGA,cloudy,Overcast,partly-cloudy-night,Mostly Cloudy,1,37.16,60.23,33.02,,,,22.36,0.55,2,4,5.74,0.73,,0.0,0.0,-1000,0,1,0,0,0,0,,,,,,,,,,,,,,,
76,,35.004804,-85.21100600000003,2019-02-01,2:57:25,120-158 Interstate 75 Sb,33I0024002,14.566,CHATTANOOGA,cloudy,Overcast,partly-cloudy-night,Mostly Cloudy,2,38.25,60.69,33.67,,,,23.27,0.54,2,4,6.13,0.72,,0.0,0.0,-1000,0,1,0,0,0,0,2.0,2.0,2.0,1.0,2.0,55.0,6.0,6.0,2.0,1.0,11.0,134740.0,9.0,24.0,15.0
77,,35.001154,-85.21160400000002,2019-02-01,0:58:54,120 - 159 Interstate 75 Sb,33I0075001,1.206,CHATTANOOGA,clear-night,Clear,partly-cloudy-night,Mostly Cloudy,0,25.8,46.88,22.62,,,,11.6,0.54,2,4,4.26,0.5,,0.0,0.0,-1000,1,0,0,0,0,0,1.0,0.0,2.0,1.0,2.0,55.0,4.0,4.0,2.0,1.0,11.0,108850.0,9.0,24.0,15.0
78,,35.034323,-85.302559,2019-02-02,21:04:51,E Main St / Washington St,330A611001,0.149,CHATTANOOGA,partly-cloudy-night,Partly Cloudy,clear-night,Clear,21,50.69,67.71,33.77,,,,36.86,0.59,2,5,6.31,0.21,,0.0,0.0,-1000,0,1,0,0,0,0,2.0,7.0,0.0,1.0,2.0,25.0,2.0,2.0,12.0,4.0,19.0,,,22.0,15.0
79,,35.034323,-85.302559,2019-02-02,19:05:42,E Main St / Washington St,330A611001,0.149,CHATTANOOGA,partly-cloudy-night,Partly Cloudy,clear-night,Clear,19,57.73,67.71,33.77,,,,36.69,0.45,2,5,6.31,0.21,,0.0,0.0,-1000,0,1,0,0,0,0,2.0,7.0,0.0,1.0,2.0,25.0,2.0,2.0,12.0,4.0,19.0,,,22.0,15.0
80,,35.223123,-85.02208,2019-02-02,17:31:08,10248 HIGHWAY 58,33SR058001,19.685,HAMILTON COUNTY,clear-day,Clear,clear-night,Clear,17,66.57,66.57,34.03,,,,34.72,0.31,2,5,10.0,0.2,,0.0,0.0,-1000,1,0,0,0,0,0,2.0,0.0,0.0,0.0,2.0,55.0,2.0,2.0,5.0,1.0,6.0,9260.0,12.0,24.0,15.0
81,,35.223123,-85.02208,2019-02-02,9:17:06,10248 Highway 58,33SR058001,19.685,HAMILTON COUNTY,partly-cloudy-day,Partly Cloudy,clear-night,Clear,9,37.24,66.57,34.03,,,,31.19,0.79,2,5,10.0,0.2,,0.0,0.0,-1000,0,1,0,0,0,0,2.0,0.0,0.0,0.0,2.0,55.0,2.0,2.0,5.0,1.0,6.0,9260.0,12.0,24.0,15.0
82,,35.017223,-85.17855899999998,2019-02-02,6:28:53,E Brainerd Rd / Exit 1a On Ramp Nb,33SR320001,1.702,CHATTANOOGA,partly-cloudy-night,Mostly Cloudy,partly-cloudy-night,Partly Cloudy,6,35.38,67.56,33.41,,,,28.26,0.75,2,5,5.93,0.18,,0.0,0.0,-1000,0,1,0,0,0,0,2.0,4.0,0.0,0.0,2.0,40.0,4.0,5.0,21.0,1.0,14.0,42060.0,10.0,24.0,15.0
83,,35.084156,-85.06439,2019-02-02,13:31:13,5605 Little Debbie Pkwy,3304145001,4.6080000000000005,COLLEGEDALE,clear-day,Clear,partly-cloudy-night,Partly Cloudy,13,61.32,67.19,33.63,,,,32.41,0.34,2,5,6.99,0.15,,0.0,0.0,-1000,1,0,0,0,0,0,2.0,2.0,0.0,0.0,2.0,35.0,2.0,2.0,18.0,4.0,16.0,5850.0,12.0,12.0,15.0
84,,35.017995,-85.178124,2019-02-02,14:58:41,1-9 EXIT 3B OFF RAMP NB,33I0075001,3.525,CHATTANOOGA,clear-day,Clear,partly-cloudy-night,Partly Cloudy,14,64.56,67.57,33.43,,,,33.1,0.31,2,5,5.93,0.18,,0.0,0.0,-1000,1,0,0,0,0,0,2.0,2.0,2.0,0.0,2.0,55.0,7.0,10.0,2.0,1.0,11.0,109980.0,9.0,48.0,18.0
85,,35.085685999999995,-85.066688,2019-02-02,12:05:15,9000 LEE HWY,33SR002001,20.634,CHATTANOOGA,clear-day,Clear,partly-cloudy-night,Partly Cloudy,12,56.34,67.19,33.63,,,,31.66,0.39,2,5,6.99,0.15,,0.0,0.0,-1000,1,0,0,0,0,0,2.0,2.0,0.0,1.0,2.0,45.0,5.0,5.0,21.0,1.0,16.0,31020.0,10.0,24.0,15.0
86,,35.062472,-85.30721700000002,2019-02-02,12:49:00,100 Frazier Ave,3303546001,0.07400000000000001,CHATTANOOGA,clear-day,Clear,clear-night,Clear,12,56.58,67.58,33.58,,,,31.55,0.38,2,5,5.58,0.21,,0.0,0.0,-1000,1,0,0,0,0,0,2.0,2.0,0.0,1.0,2.0,30.0,4.0,4.0,18.0,4.0,16.0,17270.0,10.0,44.0,15.0
87,,35.026866999999996,-85.312432,2019-02-02,20:18:42,50 W 25th St,330A647001,0.013999999999999999,CHATTANOOGA,clear-night,Clear,clear-night,Clear,20,55.51,67.75,33.81,,,,36.53,0.49,2,5,3.26,0.22,,0.0,0.0,-1000,1,0,0,0,0,0,2.0,0.0,0.0,,2.0,,2.0,2.0,12.0,4.0,19.0,,,17.0,15.0
88,,35.01246,-85.184679,2019-02-02,1:36:52,300 Interstate 75 Nb,33I0075001,2.9739999999999998,CHATTANOOGA,clear-night,Clear,partly-cloudy-night,Partly Cloudy,1,39.57,67.62,33.46,,,,29.98,0.68,2,5,6.1,0.19,,0.0,0.0,-1000,1,0,0,0,0,0,2.0,2.0,2.0,0.0,2.0,55.0,8.0,8.0,2.0,1.0,11.0,129750.0,9.0,48.0,18.0
89,,35.009721,-85.216385,2019-02-02,18:52:33,5600 Brainerd Rd,330C359001,0.9670000000000001,CHATTANOOGA,clear-day,Clear,partly-cloudy-night,Partly Cloudy,18,63.95,67.77,33.56,,,,35.86,0.35,2,5,7.41,0.19,,0.0,0.0,-1000,1,0,0,0,0,0,1.0,2.0,0.0,1.0,2.0,15.0,3.0,3.0,12.0,4.0,19.0,,,34.0,15.0
90,,35.043237,-85.156295,2019-02-02,19:16:25,1-9 Exit 5 Off Ramp Sb,3303580001,2.141,CHATTANOOGA,partly-cloudy-night,Partly Cloudy,partly-cloudy-night,Partly Cloudy,19,57.63,67.58,33.47,,,,36.66,0.45,2,5,6.14,0.17,,0.0,0.0,-1000,0,1,0,0,0,0,2.0,2.0,0.0,1.0,2.0,45.0,4.0,4.0,18.0,4.0,14.0,25210.0,12.0,24.0,15.0
91,,35.152121,-85.24945100000002,2019-02-02,8:38:26,5701 HIGHWAY 153,330C903001,0.036000000000000004,CHATTANOOGA,partly-cloudy-day,Partly Cloudy,clear-night,Clear,8,33.8,67.13,33.8,,,,29.3,0.83,2,5,6.96,0.21,,0.0,0.0,-1000,0,1,0,0,0,0,2.0,7.0,0.0,1.0,2.0,,2.0,2.0,12.0,4.0,19.0,,,26.0,15.0
92,,35.152975,-85.24562,2019-02-02,9:40:25,5764 Highway 153,3304428001,0.8909999999999999,CHATTANOOGA,partly-cloudy-day,Partly Cloudy,clear-night,Clear,9,37.98,67.14,33.81,,,,30.91,0.75,2,5,6.97,0.21,,0.0,0.0,-1000,0,1,0,0,0,0,2.0,0.0,0.0,1.0,2.0,35.0,2.0,2.0,18.0,4.0,17.0,4500.0,12.0,24.0,15.0
93,,35.07402800000001,-85.23476600000002,2019-02-02,5:48:17,Bonny Oaks Dr / Parkway Dr,33SR017001,7.14,CHATTANOOGA,partly-cloudy-night,Partly Cloudy,clear-night,Clear,5,35.81,67.22,33.41,,,,28.54,0.75,2,5,5.79,0.21,,0.0,0.0,-1000,0,1,0,0,0,0,2.0,7.0,0.0,1.0,2.0,35.0,2.0,2.0,13.0,1.0,14.0,14260.0,11.0,22.0,15.0
94,,35.006037,-85.12046600000002,2019-02-02,14:55:51,E Brainerd Rd / Banks Rd,33SR320001,5.625,CHATTANOOGA,clear-day,Clear,partly-cloudy-night,Partly Cloudy,14,64.0,67.05,32.93,,,,33.13,0.31,2,5,6.05,0.18,,0.0,0.0,-1000,1,0,0,0,0,0,2.0,7.0,0.0,0.0,2.0,40.0,4.0,4.0,21.0,1.0,14.0,19580.0,11.0,24.0,15.0
95,,35.041303000000006,-85.153824,2019-02-02,5:02:34,7300 SHALLOWFORD RD,3304986001,2.1630000000000003,CHATTANOOGA,partly-cloudy-night,Partly Cloudy,partly-cloudy-night,Partly Cloudy,5,35.62,67.54,33.44,,,,28.73,0.76,2,5,6.02,0.17,,0.0,0.0,-1000,0,1,0,0,0,0,2.0,2.0,0.0,1.0,2.0,35.0,3.0,3.0,18.0,4.0,17.0,5180.0,13.0,12.0,15.0
96,,35.040341,-85.151384,2019-02-02,0:02:57,7328 Shallowford Rd,3301122001,0.29600000000000004,CHATTANOOGA,cloudy,Overcast,partly-cloudy-night,Mostly Cloudy,0,36.39,60.22,33.67,,,,23.11,0.58,2,5,6.12,0.73,,0.0,0.0,-1000,0,1,0,0,0,0,2.0,2.0,0.0,1.0,2.0,40.0,4.0,4.0,18.0,4.0,14.0,13110.0,11.0,24.0,15.0
97,,35.041218,-85.153379,2019-02-02,13:03:38,7304 Shallowford Rd,3301122001,0.16899999999999998,CHATTANOOGA,clear-day,Clear,partly-cloudy-night,Partly Cloudy,13,61.5,67.54,33.44,,,,32.38,0.33,2,5,6.02,0.17,,0.0,0.0,-1000,1,0,0,0,0,0,2.0,2.0,0.0,1.0,2.0,40.0,4.0,4.0,18.0,4.0,14.0,13110.0,11.0,24.0,15.0
98,,34.990584000000005,-85.19344,2019-02-02,9:17:14,6841 Village Lake Cir,330B828001,0.124,EAST RIDGE,clear-day,Clear,partly-cloudy-night,Mostly Cloudy,9,37.2,67.64,33.45,,,,29.78,0.74,2,5,5.87,0.19,,0.0,0.0,-1000,1,0,0,0,0,0,2.0,0.0,0.0,,2.0,,2.0,2.0,12.0,4.0,19.0,,,28.0,15.0
99,,35.091113,-85.311385,2019-02-02,15:46:13,2035 Dayton Blvd,330C613001,0.03,RED BANK,clear-day,Clear,clear-night,Clear,15,66.15,67.35,33.41,,,,33.64,0.3,2,5,6.78,0.21,,0.0,0.0,-1000,1,0,0,0,0,0,2.0,7.0,0.0,,2.0,25.0,2.0,2.0,12.0,4.0,19.0,,,18.0,15.0
100,,35.115541,-85.09360699999998,2019-02-02,23:48:19,6900 Lebron Sterchi Dr,330F788001,0.449,HAMILTON COUNTY,clear-night,Clear,clear-night,Clear,23,47.61,67.04,33.61,,,,36.31,0.65,2,5,6.94,0.21,,0.0,0.0,-1000,1,0,0,0,0,0,2.0,9.0,0.0,,2.0,,3.0,3.0,11.0,2.0,19.0,,,32.0,15.0
101,,35.026297,-85.25260300000002,2019-02-02,16:50:55,3410 Brainerd Rd,330B295001,0.098,CHATTANOOGA,clear-day,Clear,partly-cloudy-night,Partly Cloudy,16,67.17,67.17,33.0,,,,34.51,0.3,2,5,6.29,0.19,,0.0,0.0,-1000,1,0,0,0,0,0,2.0,0.0,0.0,,2.0,,2.0,2.0,12.0,4.0,19.0,,,20.0,15.0
102,,35.017209,-85.184253,2019-02-02,10:28:04,6800 E Brainerd Rd,33SR320001,1.3630000000000002,CHATTANOOGA,clear-day,Clear,partly-cloudy-night,Partly Cloudy,10,44.25,67.52,33.37,,,,31.82,0.61,2,5,5.9,0.18,,0.0,0.0,-1000,1,0,0,0,0,0,2.0,7.0,0.0,1.0,2.0,40.0,2.0,2.0,21.0,1.0,14.0,14820.0,11.0,24.0,15.0
103,,35.137205,-85.243167,2019-02-02,10:54:52,1944 Northpoint Blvd,33SR319001,4.684,CHATTANOOGA,partly-cloudy-day,Partly Cloudy,clear-night,Clear,10,44.71,67.33,34.0,,,,31.28,0.59,2,5,6.88,0.21,,0.0,0.0,-1000,0,1,0,0,0,0,2.0,2.0,0.0,1.0,2.0,40.0,4.0,4.0,13.0,1.0,14.0,30820.0,10.0,24.0,15.0
104,,35.119695,-85.291474,2019-02-02,3:59:04,3901 Dayton Blvd,330C656001,0.052000000000000005,RED BANK,clear-night,Clear,clear-night,Clear,3,36.44,67.16,33.21,,,,29.9,0.77,2,5,7.85,0.21,,0.0,0.0,-1000,1,0,0,0,0,0,2.0,7.0,0.0,,2.0,,2.0,2.0,12.0,4.0,19.0,,,18.0,15.0
105,,35.031644,-85.26393900000002,2019-02-02,8:24:38,100 GLENWOOD DR,3305404001,2.8369999999999997,CHATTANOOGA,clear-day,Clear,partly-cloudy-night,Partly Cloudy,8,33.22,67.42,33.22,,,,28.08,0.81,2,5,5.74,0.19,,0.0,0.0,-1000,1,0,0,0,0,0,2.0,4.0,0.0,1.0,2.0,35.0,4.0,4.0,16.0,4.0,14.0,11740.0,15.0,24.0,15.0
106,,35.032718,-85.26334399999998,2019-02-02,14:25:51,2600 - 2699 Oak St,330A675001,0.174,CHATTANOOGA,clear-day,Clear,partly-cloudy-night,Partly Cloudy,14,64.49,67.39,33.2,,,,33.11,0.31,2,5,5.74,0.19,,0.0,0.0,-1000,1,0,0,0,0,0,2.0,7.0,0.0,1.0,2.0,,2.0,2.0,12.0,4.0,19.0,,,30.0,15.0
107,,35.052719,-85.15033299999997,2019-02-02,23:58:54,7301 Lee Hwy,3303604001,1.943,CHATTANOOGA,partly-cloudy-night,Partly Cloudy,partly-cloudy-night,Partly Cloudy,23,48.53,67.57,33.47,,,,36.62,0.63,2,5,6.16,0.17,,0.0,0.0,-1000,0,1,0,0,0,0,2.0,7.0,0.0,1.0,2.0,35.0,2.0,2.0,18.0,4.0,16.0,8350.0,12.0,22.0,15.0
108,,35.110535999999996,-85.32785,2019-02-02,7:29:19,3550-4298 W Rd,3301147001,1.031,HAMILTON COUNTY,partly-cloudy-night,Partly Cloudy,clear-night,Clear,7,33.42,66.85,32.81,,,,26.91,0.77,2,5,6.87,0.21,,0.0,0.0,-1000,0,1,0,0,0,0,3.0,0.0,0.0,0.0,2.0,40.0,2.0,2.0,18.0,2.0,16.0,5680.0,13.0,20.0,15.0
109,,35.052279999999996,-85.31365,2019-02-02,2:34:25,1-9 Exit W 4th St On Ramp Sb,33SR389001,0.006999999999999999,CHATTANOOGA,clear-night,Clear,clear-night,Clear,2,38.2,67.62,33.62,,,,29.77,0.71,2,5,6.4,0.21,,0.0,0.0,-1000,1,0,0,0,0,0,2.0,2.0,0.0,1.0,2.0,30.0,3.0,3.0,13.0,1.0,14.0,25980.0,11.0,12.0,18.0
110,,35.044885,-85.162464,2019-02-02,16:35:22,Lee Hwy / Shallowford Rd,3303580001,1.7790000000000001,CHATTANOOGA,clear-day,Clear,partly-cloudy-night,Partly Cloudy,16,67.64,67.64,33.53,,,,34.38,0.29,2,5,6.15,0.17,,0.0,0.0,-1000,1,0,0,0,0,0,2.0,2.0,0.0,1.0,2.0,45.0,4.0,4.0,18.0,4.0,14.0,28810.0,10.0,24.0,15.0
111,,35.091783,-85.221331,2019-02-02,9:39:35,570 - 709 Highway 153 Nb,33SR153001,5.77,CHATTANOOGA,partly-cloudy-day,Partly Cloudy,clear-night,Clear,9,37.73,67.52,33.7,,,,29.06,0.71,2,5,5.88,0.21,,0.0,0.0,-1000,0,1,0,0,0,0,2.0,4.0,2.0,0.0,2.0,55.0,4.0,6.0,13.0,1.0,12.0,50350.0,11.0,24.0,15.0
112,,35.099808,-85.228523,2019-02-02,4:39:49,640 HIGHWAY 153 NB,33SR153001,6.465,CHATTANOOGA,clear-night,Clear,clear-night,Clear,4,36.04,67.68,33.83,,,,29.71,0.78,2,5,7.79,0.21,,0.0,0.0,-1000,1,0,0,0,0,0,2.0,4.0,2.0,0.0,2.0,55.0,4.0,4.0,13.0,1.0,12.0,50350.0,11.0,24.0,15.0
113,,35.091783,-85.221331,2019-02-02,15:40:04,570 - 709 Highway 153 Nb,33SR153001,5.77,CHATTANOOGA,clear-day,Clear,clear-night,Clear,15,66.34,67.52,33.7,,,,33.83,0.3,2,5,6.31,0.21,,0.0,0.0,-1000,1,0,0,0,0,0,2.0,4.0,2.0,0.0,2.0,55.0,4.0,6.0,13.0,1.0,12.0,50350.0,11.0,24.0,15.0
114,,35.054421999999995,-85.306163,2019-02-02,11:04:04,Lookout St / Riverside Dr,3305395001,2.616,CHATTANOOGA,clear-day,Clear,clear-night,Clear,11,50.72,67.67,33.69,,,,32.15,0.49,2,5,5.55,0.21,,0.0,0.0,-1000,1,0,0,0,0,0,2.0,2.0,0.0,1.0,2.0,25.0,3.0,3.0,16.0,4.0,16.0,17720.0,13.0,24.0,18.0
115,,35.019273999999996,-85.284125,2019-02-02,11:11:44,1826 E 23RD ST,33SR002001,9.445,CHATTANOOGA,clear-day,Clear,clear-night,Clear,11,50.86,67.72,33.88,,,,32.28,0.49,2,5,5.5,0.21,,0.0,0.0,-1000,1,0,0,0,0,0,2.0,2.0,0.0,1.0,2.0,40.0,4.0,4.0,13.0,1.0,16.0,8700.0,12.0,24.0,15.0
116,,35.143309,-85.23471500000002,2019-02-02,10:10:59,5320 Old Hixson Pike,330G447001,0.15,CHATTANOOGA,partly-cloudy-day,Partly Cloudy,clear-night,Clear,10,44.8,67.38,34.08,,,,33.3,0.64,2,5,6.92,0.21,,0.0,0.0,-1000,0,1,0,0,0,0,2.0,7.0,0.0,1.0,2.0,,2.0,2.0,12.0,4.0,19.0,,,24.0,15.0
117,,35.073077000000005,-85.10985699999998,2019-02-02,3:45:49,7925 - 7949 Apison Pike,33SR317001,4.897,CHATTANOOGA,clear-night,Clear,partly-cloudy-night,Partly Cloudy,3,36.02,66.58,32.95,,,,29.56,0.77,2,5,8.25,0.16,,0.0,0.0,-1000,1,0,0,0,0,0,2.0,0.0,0.0,1.0,2.0,50.0,4.0,4.0,13.0,1.0,14.0,15660.0,11.0,24.0,15.0
118,,35.010462,-85.155384,2019-02-02,20:46:43,7700 E BRAINERD RD,33SR320001,3.182,CHATTANOOGA,partly-cloudy-night,Partly Cloudy,partly-cloudy-night,Partly Cloudy,20,54.93,67.68,33.55,,,,37.1,0.51,2,5,6.03,0.18,,0.0,0.0,-1000,0,1,0,0,0,0,2.0,2.0,0.0,1.0,2.0,40.0,4.0,4.0,21.0,1.0,14.0,28570.0,10.0,22.0,15.0
119,,35.037485,-85.14970500000003,2019-02-02,0:13:02,2288 Gunbarrel Rd,330F888001,0.363,CHATTANOOGA,cloudy,Overcast,partly-cloudy-night,Mostly Cloudy,0,36.37,60.22,33.66,,,,23.11,0.58,2,5,6.11,0.73,,0.0,0.0,-1000,0,1,0,0,0,0,2.0,2.0,0.0,1.0,2.0,,2.0,4.0,12.0,4.0,19.0,,,24.0,15.0
120,,35.133084000000004,-85.24238100000002,2019-02-02,13:23:17,22 Northgate Mall Dr,33SR319001,4.534,CHATTANOOGA,clear-day,Clear,clear-night,Clear,13,61.07,67.29,33.69,,,,32.78,0.34,2,5,7.14,0.21,,0.0,0.0,-1000,1,0,0,0,0,0,2.0,2.0,0.0,1.0,2.0,40.0,4.0,4.0,13.0,1.0,14.0,30820.0,10.0,24.0,15.0
121,,35.052037,-85.313854,2019-02-02,16:26:16,140 - 149 Highway 27 Sb,33I0124001,1.751,CHATTANOOGA,clear-day,Clear,clear-night,Clear,16,67.61,67.61,33.61,,,,34.45,0.29,2,5,6.4,0.21,,0.0,0.0,-1000,1,0,0,0,0,0,2.0,2.0,2.0,1.0,2.0,55.0,4.0,4.0,2.0,1.0,11.0,75960.0,10.0,24.0,15.0
122,,35.034718,-85.149653,2019-02-02,11:30:14,2180 Gunbarrel Rd,330F888001,0.44299999999999995,CHATTANOOGA,clear-day,Clear,partly-cloudy-night,Partly Cloudy,11,50.62,67.52,33.41,,,,32.58,0.5,2,5,6.02,0.17,,0.0,0.0,-1000,1,0,0,0,0,0,2.0,2.0,0.0,1.0,2.0,,2.0,4.0,12.0,4.0,19.0,,,24.0,15.0
123,,35.024291,-85.391953,2019-02-02,4:37:46,4053 Cummings Hwy,33SR002001,1.4980000000000002,CHATTANOOGA,clear-night,Clear,clear-night,Clear,4,34.43,66.42,32.3,,,,29.36,0.81,2,5,3.55,0.21,,0.0,0.0,-1000,1,0,0,0,0,0,2.0,4.0,0.0,1.0,2.0,45.0,2.0,2.0,21.0,1.0,16.0,4830.0,12.0,24.0,15.0
124,,35.062602000000005,-85.127921,2019-02-02,5:42:54,770 INTERSTATE 75 NB,33I0075001,7.755,CHATTANOOGA,partly-cloudy-night,Partly Cloudy,partly-cloudy-night,Partly Cloudy,5,35.05,66.85,33.17,,,,28.68,0.77,2,5,6.26,0.16,,0.0,0.0,-1000,0,1,0,0,0,0,2.0,4.0,2.0,0.0,2.0,65.0,8.0,9.0,2.0,1.0,11.0,74310.0,0.0,48.0,18.0
125,,35.044819,-85.157701,2019-02-02,18:46:15,7017 Shallowford Rd,330E636001,0.20800000000000002,CHATTANOOGA,clear-day,Clear,partly-cloudy-night,Partly Cloudy,18,63.97,67.6,33.5,,,,35.9,0.35,2,5,7.83,0.17,,0.0,0.0,-1000,1,0,0,0,0,0,2.0,2.0,0.0,,2.0,,2.0,2.0,12.0,4.0,19.0,,,30.0,15.0
126,,35.073896000000005,-85.182776,2019-02-02,3:12:19,6190 - 6199 Bonny Oaks Dr,33SR317001,1.7369999999999999,CHATTANOOGA,clear-night,Clear,partly-cloudy-night,Partly Cloudy,3,36.82,67.51,33.52,,,,29.8,0.75,2,5,7.93,0.17,,0.0,0.0,-1000,1,0,0,0,0,0,2.0,2.0,0.0,1.0,2.0,45.0,4.0,4.0,13.0,1.0,14.0,21980.0,11.0,24.0,15.0
127,,35.085723,-85.31532800000002,2019-02-02,14:14:25,1906 Dayton Blvd,3301406001,0.18,RED BANK,clear-day,Clear,clear-night,Clear,14,63.95,67.32,33.38,,,,32.95,0.31,2,5,6.77,0.21,,0.0,0.0,-1000,1,0,0,0,0,0,2.0,2.0,0.0,1.0,2.0,45.0,4.0,4.0,18.0,4.0,16.0,17800.0,11.0,24.0,15.0
128,,35.037712,-85.15674399999997,2019-02-02,23:20:38,2200 Hamilton Place Blvd,3304986001,1.8630000000000002,CHATTANOOGA,partly-cloudy-night,Partly Cloudy,partly-cloudy-night,Partly Cloudy,23,48.54,67.58,33.47,,,,36.64,0.63,2,5,6.12,0.17,,0.0,0.0,-1000,0,1,0,0,0,0,2.0,2.0,0.0,1.0,2.0,35.0,2.0,2.0,18.0,4.0,17.0,5180.0,13.0,12.0,15.0
129,,35.161165999999994,-85.192475,2019-02-02,22:53:19,6600 Hixson Pike,33SR319001,8.372,CHATTANOOGA,clear-night,Clear,clear-night,Clear,22,46.49,66.71,33.44,,,,37.22,0.7,2,5,7.22,0.21,,0.0,0.0,-1000,1,0,0,0,0,0,2.0,4.0,0.0,1.0,2.0,45.0,4.0,4.0,13.0,1.0,14.0,21130.0,11.0,24.0,15.0
130,,35.107948,-85.272194,2019-02-02,21:50:36,3643 Hixson Pike,3303588001,1.797,CHATTANOOGA,partly-cloudy-night,Partly Cloudy,clear-night,Clear,21,50.27,67.28,33.41,,,,36.65,0.59,2,5,6.75,0.21,,0.0,0.0,-1000,0,1,0,0,0,0,2.0,2.0,0.0,1.0,2.0,40.0,4.0,4.0,16.0,4.0,14.0,21540.0,12.0,24.0,15.0
131,,35.053559,-85.307572,2019-02-02,11:52:36,Walnut St / E 3rd St,3303549001,0.721,CHATTANOOGA,clear-day,Clear,clear-night,Clear,11,50.71,67.66,33.67,,,,32.15,0.49,2,5,5.55,0.21,,0.0,0.0,-1000,1,0,0,0,0,0,2.0,2.0,0.0,1.0,1.0,30.0,3.0,3.0,16.0,4.0,14.0,5000.0,14.0,30.0,15.0
132,,35.011592,-85.224834,2019-02-02,7:57:01,BRAINERD RD / N HOWELL AVE,330B065001,0.418,CHATTANOOGA,partly-cloudy-night,Partly Cloudy,partly-cloudy-night,Partly Cloudy,7,33.99,67.7,33.61,,,,27.78,0.78,2,5,5.81,0.19,,0.0,0.0,-1000,0,1,0,0,0,0,2.0,0.0,0.0,,2.0,,2.0,2.0,12.0,4.0,19.0,,,22.0,15.0
133,,35.01084,-85.224052,2019-02-02,6:57:32,5210 Brainerd Rd,33SR002001,14.081,CHATTANOOGA,partly-cloudy-night,Mostly Cloudy,partly-cloudy-night,Partly Cloudy,6,35.53,67.7,33.61,,,,28.19,0.74,2,5,5.81,0.19,,0.0,0.0,-1000,0,1,0,0,0,0,2.0,2.0,0.0,1.0,2.0,40.0,6.0,6.0,13.0,1.0,14.0,31650.0,10.0,30.0,15.0
134,,35.159603000000004,-85.193758,2019-02-02,11:12:18,Hixson Pike / Ramsgate Pkwy,33SR319001,8.253,CHATTANOOGA,clear-day,Clear,clear-night,Clear,11,50.0,66.71,33.43,,,,33.76,0.53,2,5,7.0,0.21,,0.0,0.0,-1000,1,0,0,0,0,0,2.0,4.0,0.0,1.0,2.0,45.0,4.0,4.0,13.0,1.0,14.0,21130.0,11.0,24.0,15.0
135,,35.051113,-85.310099,2019-02-02,15:18:31,437 MARKET ST,330A333001,0.27,CHATTANOOGA,clear-day,Clear,clear-night,Clear,15,66.43,67.6,33.61,,,,33.72,0.3,2,5,6.39,0.21,,0.0,0.0,-1000,1,0,0,0,0,0,2.0,2.0,0.0,,2.0,,2.0,2.0,12.0,4.0,19.0,,,36.0,15.0
136,,35.1005,-85.346285,2019-02-03,10:02:44,1201 Suck Creek Rd,33SR027001,3.161,CHATTANOOGA,cloudy,Overcast,clear-night,Clear,10,49.87,61.38,42.45,,,,41.77,0.74,2,6,2.97,0.7,,0.0,0.0,-1000,0,1,0,0,0,0,2.0,4.0,0.0,,2.0,45.0,2.0,2.0,13.0,1.0,16.0,5090.0,11.0,22.0,15.0
137,,35.08521,-85.194829,2019-02-03,4:20:34,4587 HIGHWAY 58,33SR058001,5.269,CHATTANOOGA,partly-cloudy-night,Mostly Cloudy,clear-night,Clear,4,45.52,61.55,43.23,,,,38.04,0.75,2,6,5.89,0.69,rain,0.0002,0.0036,1549202400,0,1,0,0,0,0,2.0,2.0,0.0,1.0,2.0,40.0,6.0,6.0,13.0,1.0,14.0,39370.0,10.0,33.0,15.0
138,,35.084696,-85.203333,2019-02-03,10:27:40,4355 Highway 58,330D417001,0.034,CHATTANOOGA,cloudy,Overcast,clear-night,Clear,10,50.02,61.47,43.13,,,,43.03,0.77,2,6,2.95,0.69,,0.0,0.0005,1549202400,0,1,0,0,0,0,2.0,4.0,0.0,,2.0,,2.0,2.0,12.0,4.0,19.0,,,18.0,15.0
139,,35.00656,-85.328076,2019-02-03,21:40:46,4100 ST ELMO AVE,330A726001,0.039,CHATTANOOGA,partly-cloudy-night,Partly Cloudy,clear-night,Clear,21,51.02,61.45,43.69,,,,46.61,0.85,2,6,3.48,0.7,,0.0,0.0001,1549202400,0,1,0,0,0,0,2.0,7.0,0.0,1.0,2.0,,2.0,2.0,12.0,4.0,19.0,,,16.0,15.0
140,,35.015214,-85.163699,2019-02-03,3:55:37,1400 GUNBARREL RD,33SR320001,2.607,CHATTANOOGA,partly-cloudy-night,Partly Cloudy,clear-night,Clear,3,44.93,61.48,44.31,,,,38.65,0.78,2,6,5.96,0.73,rain,0.0002,0.0042,1549202400,0,1,0,0,0,0,2.0,2.0,0.0,1.0,2.0,40.0,4.0,4.0,21.0,1.0,14.0,42060.0,10.0,22.0,15.0
141,,35.015214,-85.163699,2019-02-03,23:59:46,Gunbarrel Rd / E Brainerd Rd,33SR320001,2.607,CHATTANOOGA,clear-night,Clear,clear-night,Clear,23,46.32,61.48,44.31,,,,43.95,0.91,2,6,4.87,0.73,rain,0.0002,0.0042,1549202400,1,0,0,0,0,0,2.0,2.0,0.0,1.0,2.0,40.0,4.0,4.0,21.0,1.0,14.0,42060.0,10.0,22.0,15.0
142,,35.044139,-85.302272,2019-02-03,4:32:55,815 University St,3305001001,0.119,CHATTANOOGA,partly-cloudy-night,Mostly Cloudy,clear-night,Clear,4,45.43,61.72,43.32,,,,38.13,0.75,2,6,5.53,0.69,,0.0,0.0001,1549202400,0,1,0,0,0,0,2.0,4.0,0.0,1.0,2.0,30.0,2.0,2.0,18.0,4.0,17.0,4740.0,12.0,24.0,15.0
143,,35.020205,-85.293994,2019-02-03,21:38:51,Lindberg Ave / Rossville Blvd,33SR027001,5.4,CHATTANOOGA,partly-cloudy-night,Partly Cloudy,clear-night,Clear,21,50.83,61.79,43.57,,,,46.22,0.84,2,6,6.23,0.69,,0.0,0.0001,1549195200,0,1,0,0,0,0,2.0,2.0,0.0,1.0,2.0,40.0,4.0,4.0,13.0,1.0,14.0,14470.0,11.0,24.0,15.0
144,,35.123546999999995,-85.239192,2019-02-03,22:42:25,5188 HIGHWAY 153,33SR153001,8.28,CHATTANOOGA,partly-cloudy-night,Partly Cloudy,clear-night,Clear,22,47.99,60.92,42.19,,,,44.63,0.88,2,6,3.44,0.69,,0.0,0.0005,1549202400,0,1,0,0,0,0,2.0,2.0,0.0,1.0,2.0,45.0,6.0,6.0,13.0,1.0,14.0,44820.0,11.0,36.0,15.0
145,,35.130367,-85.23925,2019-02-03,21:43:10,271 Northgate Mall Dr,330G037001,0.086,CHATTANOOGA,partly-cloudy-night,Partly Cloudy,clear-night,Clear,21,50.65,60.9,42.16,,,,45.95,0.84,2,6,6.78,0.69,,0.0,0.0005,1549202400,0,1,0,0,0,0,,,,,,,,,,,,,,,
146,,35.123075,-85.239491,2019-02-03,6:43:49,5150 - 5299 Highway 153,3304133001,0.6940000000000001,CHATTANOOGA,cloudy,Overcast,clear-night,Clear,6,48.04,60.92,42.2,,,,39.56,0.72,2,6,6.93,0.69,,0.0,0.0005,1549202400,0,1,0,0,0,0,,7.0,0.0,,2.0,,2.0,2.0,18.0,4.0,16.0,6100.0,13.0,20.0,15.0
147,,35.123546999999995,-85.239192,2019-02-03,22:47:48,5188 HIGHWAY 153,33SR153001,8.28,CHATTANOOGA,partly-cloudy-night,Partly Cloudy,clear-night,Clear,22,47.99,60.92,42.19,,,,44.63,0.88,2,6,3.44,0.69,,0.0,0.0005,1549202400,0,1,0,0,0,0,2.0,2.0,0.0,1.0,2.0,45.0,6.0,6.0,13.0,1.0,14.0,44820.0,11.0,36.0,15.0
148,,35.154876,-85.198626,2019-02-03,17:40:06,6310 - 6403 Hixson Pike,33SR319001,7.817,CHATTANOOGA,partly-cloudy-day,Mostly Cloudy,clear-night,Clear,17,60.21,60.75,41.45,,,,48.33,0.65,2,6,7.17,0.68,,0.0,0.0007,1549202400,0,1,0,0,0,0,2.0,4.0,0.0,1.0,2.0,45.0,4.0,4.0,13.0,1.0,14.0,21130.0,11.0,24.0,15.0
149,,35.150188,-85.202579,2019-02-03,22:41:02,6100 Hixson Pike,33SR319001,7.42,CHATTANOOGA,partly-cloudy-night,Partly Cloudy,clear-night,Clear,22,47.7,60.8,41.54,,,,44.36,0.88,2,6,3.57,0.68,,0.0,0.0006,1549202400,0,1,0,0,0,0,2.0,4.0,0.0,1.0,2.0,45.0,4.0,4.0,13.0,1.0,14.0,21130.0,11.0,24.0,15.0
150,,35.127529,-85.308403,2019-02-03,14:41:05,4053 Priceless Vw,3303594001,1.696,CHATTANOOGA,cloudy,Overcast,clear-night,Clear,14,57.23,61.7,42.57,,,,47.46,0.7,2,6,6.89,0.69,,0.0,0.0,-1000,0,1,0,0,0,0,2.0,7.0,0.0,1.0,2.0,40.0,2.0,2.0,18.0,4.0,18.0,2300.0,12.0,30.0,15.0
151,,35.01246,-85.184679,2019-02-03,7:42:10,300 Interstate 75 Nb,33I0075001,2.974,CHATTANOOGA,cloudy,Overcast,clear-night,Clear,7,47.63,61.56,44.24,,,,41.53,0.79,2,6,5.73,0.74,rain,0.0002,0.0044,1549202400,0,1,0,0,0,0,2.0,2.0,2.0,0.0,2.0,55.0,8.0,8.0,2.0,1.0,11.0,129750.0,9.0,48.0,18.0
152,,35.048789,-85.277176,2019-02-03,16:59:06,800 N Holtzclaw Ave,3303554001,1.509,CHATTANOOGA,cloudy,Overcast,clear-night,Clear,16,61.86,61.86,43.5,,,,49.19,0.63,2,6,6.28,0.69,,0.0,0.0001,1549195200,0,1,0,0,0,0,2.0,2.0,0.0,1.0,2.0,40.0,4.0,4.0,16.0,4.0,16.0,14500.0,11.0,44.0,15.0
153,,35.084124,-85.067511,2019-02-03,1:05:48,8884 Old Lee Hwy,3304145001,4.431,COLLEGEDALE,partly-cloudy-night,Partly Cloudy,clear-night,Clear,1,42.7,60.74,42.7,,,,37.53,0.82,2,6,6.38,0.69,rain,0.0003,0.005,1549202400,0,1,0,0,0,0,2.0,2.0,0.0,0.0,2.0,35.0,2.0,2.0,18.0,4.0,16.0,5850.0,12.0,11.0,15.0
154,,35.018407,-85.379611,2019-02-03,9:11:14,3709 Cummings Hwy,33SR002001,2.395,CHATTANOOGA,cloudy,Overcast,clear-night,Clear,9,48.26,61.44,43.48,,,,42.25,0.8,2,6,2.71,0.7,,0.0,0.0,-1000,0,1,0,0,0,0,2.0,2.0,0.0,1.0,2.0,45.0,4.0,4.0,21.0,1.0,16.0,13990.0,11.0,24.0,15.0
155,,35.025566999999995,-85.06053399999998,2019-02-03,2:19:59,STANDIFER GAP RD / CAMP RD,330A089001,1.679,COLLEGEDALE,partly-cloudy-night,Partly Cloudy,clear-night,Clear,2,45.61,60.23,44.04,,,,39.13,0.78,2,6,6.18,0.71,rain,0.0004,0.0054,1549202400,0,1,0,0,0,0,2.0,0.0,0.0,,2.0,35.0,2.0,2.0,12.0,4.0,19.0,,,18.0,15.0
156,,35.123666,-85.24046700000002,2019-02-03,15:39:19,5207 HIGHWAY 153,33SR153001,8.323,CHATTANOOGA,cloudy,Overcast,clear-night,Clear,15,58.14,60.92,42.2,,,,47.81,0.68,2,6,6.93,0.69,,0.0,0.0004,1549202400,0,1,0,0,0,0,2.0,2.0,0.0,1.0,2.0,45.0,6.0,6.0,13.0,1.0,14.0,44820.0,11.0,36.0,15.0
157,,35.059059999999995,-85.262132,2019-02-03,23:41:32,1940 - 1999 Southern St,330B523001,0.057,CHATTANOOGA,clear-night,Clear,clear-night,Clear,23,46.66,61.82,43.45,,,,43.88,0.9,2,6,5.51,0.69,,0.0,0.0001,1549202400,1,0,0,0,0,0,2.0,7.0,0.0,1.0,2.0,,2.0,2.0,12.0,4.0,19.0,,,28.0,15.0
158,,34.995679,-85.238849,2019-02-03,11:57:10,4330 Ringgold Rd,33SR008001,3.025,EAST RIDGE,cloudy,Overcast,clear-night,Clear,11,52.94,61.77,43.91,,,,44.85,0.74,2,6,6.17,0.75,,0.0,0.0001,1549195200,0,1,0,0,0,0,2.0,2.0,0.0,1.0,2.0,35.0,4.0,4.0,13.0,1.0,14.0,19070.0,11.0,24.0,15.0
159,,35.005828,-85.207205,2019-02-03,1:57:31,160 INTERSTATE 75 NB,33I0075001,1.596,CHATTANOOGA,partly-cloudy-night,Partly Cloudy,clear-night,Clear,1,44.31,61.82,44.31,,,,38.19,0.79,2,6,6.13,0.74,rain,0.0001,0.0006,1549195200,0,1,0,0,0,0,1.0,2.0,2.0,1.0,2.0,55.0,8.0,8.0,2.0,1.0,11.0,129750.0,9.0,48.0,15.0
160,,35.007825,-85.201076,2019-02-03,23:01:29,200 INTERSTATE 75 NB,33I0075001,1.976,CHATTANOOGA,clear-night,Clear,clear-night,Clear,23,46.43,61.78,44.29,,,,44.0,0.91,2,6,4.96,0.74,rain,0.0001,0.0006,1549195200,1,0,0,0,0,0,2.0,4.0,2.0,1.0,2.0,55.0,8.0,8.0,2.0,1.0,11.0,129750.0,9.0,48.0,18.0
161,,35.033906,-85.269301,2019-02-03,5:22:28,N Lyerly St / Mccallie Ave,3305403001,0.301,CHATTANOOGA,cloudy,Overcast,clear-night,Clear,5,47.98,61.71,43.48,,,,40.49,0.75,2,6,5.58,0.69,,0.0,0.0001,1549195200,0,1,0,0,0,0,2.0,2.0,0.0,1.0,2.0,35.0,4.0,4.0,18.0,4.0,16.0,14420.0,11.0,44.0,15.0
162,,35.03411,-85.26919000000002,2019-02-03,16:23:43,101-149 N Lyerly St,330A702001,0.016,CHATTANOOGA,cloudy,Overcast,clear-night,Clear,16,61.71,61.71,43.48,,,,49.2,0.63,2,6,6.2,0.69,,0.0,0.0001,1549195200,0,1,0,0,0,0,2.0,0.0,0.0,,2.0,,2.0,2.0,12.0,4.0,19.0,,,30.0,15.0
163,,35.144234999999995,-85.22630799999997,2019-02-03,8:16:40,5500 Hixson Pike,33SR319001,5.726,CHATTANOOGA,cloudy,Overcast,clear-night,Clear,8,46.87,61.03,41.98,,,,39.83,0.76,2,6,6.89,0.68,,0.0,0.0005,1549202400,0,1,0,0,0,0,2.0,4.0,0.0,1.0,2.0,45.0,4.0,4.0,13.0,1.0,14.0,30370.0,11.0,24.0,15.0
164,,35.05234,-85.31273,2019-02-03,5:16:45,201-299 W 4th St,33SR389001,0.061,CHATTANOOGA,cloudy,Overcast,clear-night,Clear,5,48.08,61.74,43.26,,,,40.28,0.74,2,6,5.53,0.69,,0.0,0.0001,1549202400,0,1,0,0,0,0,2.0,2.0,0.0,1.0,2.0,30.0,5.0,5.0,13.0,1.0,14.0,25980.0,11.0,24.0,18.0
165,,35.016706,-85.225835,2019-02-03,12:30:56,300 N MOORE RD,330B053001,0.445,CHATTANOOGA,cloudy,Overcast,clear-night,Clear,12,55.65,61.9,43.95,,,,47.51,0.74,2,6,6.2,0.74,,0.0,0.0001,1549202400,0,1,0,0,0,0,2.0,7.0,0.0,1.0,2.0,25.0,2.0,2.0,12.0,4.0,19.0,,,32.0,15.0
166,,35.016665,-85.22623,2019-02-03,11:33:07,Old Mission Rd / N Moore Rd,3303578001,1.581,CHATTANOOGA,cloudy,Overcast,clear-night,Clear,11,53.02,61.9,43.94,,,,44.89,0.74,2,6,6.2,0.74,,0.0,0.0001,1549202400,0,1,0,0,0,0,2.0,7.0,0.0,1.0,2.0,35.0,4.0,4.0,18.0,4.0,16.0,12110.0,11.0,,
167,,35.059153,-85.127924,2019-02-03,0:15:58,Jenkins Rd / Old Lee Hwy,3304145001,0.21,CHATTANOOGA,clear-night,Clear,partly-cloudy-night,Partly Cloudy,0,41.25,66.81,33.09,,,,30.45,0.65,2,6,6.14,0.16,,0.0,0.0,-1000,1,0,0,0,0,0,2.0,2.0,0.0,1.0,2.0,45.0,4.0,5.0,18.0,4.0,16.0,8400.0,11.0,,
168,,35.084920000000004,-85.20105,2019-02-03,11:22:33,4423 Highway 58,33SR058001,4.918,CHATTANOOGA,cloudy,Overcast,clear-night,Clear,11,52.66,61.5,43.16,,,,44.64,0.74,2,6,6.22,0.69,,0.0,0.0005,1549202400,0,1,0,0,0,0,2.0,2.0,0.0,1.0,2.0,40.0,6.0,6.0,13.0,1.0,14.0,39370.0,10.0,33.0,15.0
169,,35.125708,-85.240251,2019-02-03,1:24:51,5248 Highway 153,33SR153001,8.441,CHATTANOOGA,clear-night,Clear,clear-night,Clear,1,42.18,60.91,42.18,,,,36.34,0.8,2,6,6.94,0.69,,0.0,0.0005,1549202400,1,0,0,0,0,0,2.0,2.0,0.0,1.0,2.0,45.0,6.0,6.0,13.0,1.0,14.0,44820.0,11.0,36.0,15.0
170,,35.008289000000005,-85.39315,2019-02-03,16:16:34,17300 INTERSTATE 24 EB,33I0024002,2.007,CHATTANOOGA,partly-cloudy-day,Mostly Cloudy,clear-night,Clear,16,61.59,61.59,43.08,,,,49.13,0.64,2,6,4.02,0.7,,0.0,0.0,-1000,0,1,0,0,0,0,2.0,0.0,2.0,0.0,2.0,65.0,4.0,4.0,2.0,1.0,11.0,61260.0,9.0,24.0,15.0
171,,35.049333000000004,-85.306009,2019-02-03,6:31:29,618 Georgia Ave,3303546001,1.249,CHATTANOOGA,cloudy,Overcast,clear-night,Clear,6,48.05,61.72,43.29,,,,40.46,0.75,2,6,5.54,0.69,,0.0,0.0001,1549202400,0,1,0,0,0,0,2.0,2.0,0.0,1.0,2.0,30.0,2.0,2.0,16.0,4.0,16.0,13580.0,14.0,40.0,15.0
172,,35.014129,-85.262991,2019-02-03,16:40:08,704 S Seminole Dr,3304148001,2.797,EAST RIDGE,cloudy,Overcast,clear-night,Clear,16,61.15,61.15,43.02,,,,49.23,0.65,2,6,6.28,0.75,,0.0,0.0001,1549195200,0,1,0,0,0,0,2.0,7.0,0.0,1.0,2.0,30.0,2.0,2.0,18.0,4.0,17.0,2790.0,15.0,24.0,15.0
173,,35.014129,-85.262991,2019-02-04,23:05:41,704 S Seminole Dr,3304148001,2.7969999999999997,EAST RIDGE,cloudy,Overcast,cloudy,Overcast,23,57.7,62.02,38.5,,,,53.23,0.85,2,0,9.03,0.77,,0.0,0.0,-1000,0,1,0,0,0,0,2.0,7.0,0.0,1.0,2.0,30.0,2.0,2.0,18.0,4.0,17.0,2790.0,15.0,24.0,15.0
174,,35.014129,-85.262991,2019-02-04,23:11:22,704 S Seminole Dr,3304148001,2.7969999999999997,EAST RIDGE,cloudy,Overcast,cloudy,Overcast,23,57.7,62.02,38.5,,,,53.23,0.85,2,0,9.03,0.77,,0.0,0.0,-1000,0,1,0,0,0,0,2.0,7.0,0.0,1.0,2.0,30.0,2.0,2.0,18.0,4.0,17.0,2790.0,15.0,24.0,15.0
175,,35.101727000000004,-85.053485,2019-02-04,5:54:33,1300 INTERSTATE 75 SB,33I0075001,12.992,CHATTANOOGA,fog,Foggy,cloudy,Overcast,5,39.97,62.32,38.55,,,,39.4,0.98,2,0,0.68,0.78,,0.0,0.0,-1000,0,0,0,1,0,0,2.0,0.0,2.0,0.0,2.0,65.0,4.0,4.0,2.0,1.0,11.0,62350.0,9.0,24.0,15.0
176,,35.020465,-85.260097,2019-02-04,9:03:52,18250 INTERSTATE 24 EB,33I0024002,11.448,EAST RIDGE,fog,Foggy,cloudy,Overcast,9,42.76,62.11,38.57,,,,41.46,0.95,2,0,1.75,0.77,,0.0,0.0,-1000,0,0,0,1,0,0,2.0,0.0,2.0,1.0,2.0,55.0,6.0,6.0,2.0,1.0,11.0,118650.0,9.0,36.0,18.0
177,,35.059929,-85.20982,2019-02-04,9:52:46,3940 CAMELLIA DR,330E668001,0.17,CHATTANOOGA,fog,Foggy,cloudy,Overcast,9,43.54,62.71,39.01,,,,41.47,0.92,2,0,1.68,0.77,,0.0,0.0,-1000,0,0,0,1,0,0,2.0,7.0,0.0,,2.0,25.0,2.0,2.0,12.0,4.0,19.0,,,28.0,15.0
178,,35.01511,-85.27159,2019-02-04,19:35:29,1-9 Exit 181a On Ramp Wb,33I0024002,10.616,CHATTANOOGA,partly-cloudy-night,Mostly Cloudy,cloudy,Overcast,19,59.66,62.34,38.81,,,,52.74,0.78,2,0,6.3,0.77,,0.0,0.0,-1000,0,1,0,0,0,0,2.0,2.0,2.0,1.0,2.0,55.0,6.0,6.0,2.0,1.0,11.0,118650.0,9.0,36.0,15.0
179,,35.354141,-84.991989,2019-02-04,17:55:57,Highway 60 / Birchwood Pike,33SR312001,0.001,HAMILTON COUNTY,partly-cloudy-day,Mostly Cloudy,cloudy,Overcast,17,61.31,61.31,37.2,,,,52.49,0.73,2,0,10.0,0.82,rain,0.0002,0.0035,1549310400,0,1,0,0,0,0,2.0,0.0,0.0,0.0,2.0,45.0,2.0,2.0,5.0,1.0,7.0,700.0,11.0,20.0,15.0
180,,35.039972999999996,-85.307073,2019-02-04,9:01:03,1220 King St,330A421001,0.33799999999999997,CHATTANOOGA,fog,Foggy,cloudy,Overcast,9,43.35,62.6,39.38,,,,41.34,0.93,2,0,1.38,0.74,,0.0,0.0,-1000,0,0,0,1,0,0,2.0,4.0,0.0,1.0,2.0,30.0,2.0,2.0,12.0,4.0,19.0,,,24.0,15.0
181,,35.091232,-85.21791400000001,2019-02-04,21:19:01,4732-4749 AMNICOLA HWY,3303598001,0.085,CHATTANOOGA,cloudy,Overcast,cloudy,Overcast,21,59.0,62.51,39.25,,,,53.26,0.81,2,0,6.3,0.77,,0.0,0.0,-1000,0,1,0,0,0,0,2.0,7.0,0.0,,2.0,30.0,2.0,2.0,18.0,4.0,18.0,740.0,12.0,12.0,15.0
182,,34.989471,-85.209287,2019-02-04,9:21:16,Ringgold Rd / Mack Smith Rd,33SR008001,1.2819999999999998,EAST RIDGE,fog,Foggy,cloudy,Overcast,9,43.21,62.79,39.32,,,,41.39,0.93,2,0,1.81,0.76,,0.0,0.0,-1000,0,0,0,1,0,0,2.0,2.0,0.0,1.0,2.0,35.0,4.0,4.0,13.0,1.0,14.0,29170.0,10.0,24.0,15.0
183,,35.193591999999995,-85.239754,2019-02-04,15:34:19,1340 Highway 27 Sb,33SR029001,11.587,CHATTANOOGA,partly-cloudy-day,Mostly Cloudy,cloudy,Overcast,15,60.66,61.93,38.58,,,,52.17,0.74,2,0,7.3,0.81,,0.0,0.0002,1549310400,0,1,0,0,0,0,2.0,0.0,2.0,0.0,2.0,65.0,4.0,4.0,13.0,1.0,12.0,32600.0,12.0,24.0,15.0
184,,35.22448,-85.10687800000001,2019-02-04,2:35:57,27/153,330F170001,0.266, ,fog,Foggy,cloudy,Overcast,2,39.43,61.56,37.59,,,,38.78,0.97,2,0,0.86,0.81,,0.0,0.0005,1549310400,0,0,0,1,0,0,2.0,7.0,0.0,,2.0,25.0,2.0,2.0,11.0,2.0,19.0,,,26.0,15.0
185,,35.072824,-85.12366,2019-02-04,7:38:41,8010 - 8979 Volkswagen Dr,3305747001,1.6909999999999998,CHATTANOOGA,fog,Foggy,cloudy,Overcast,7,39.13,61.71,38.22,,,,39.13,1.0,2,0,1.01,0.76,,0.0,0.0,-1000,0,0,0,1,0,0,2.0,0.0,0.0,0.0,2.0,50.0,4.0,4.0,18.0,4.0,17.0,10600.0,15.0,24.0,15.0
186,,35.12155,-85.104239,2019-02-04,8:39:31,6100 Hunter Rd,3302205001,1.791,HAMILTON COUNTY,fog,Foggy,cloudy,Overcast,8,39.55,61.76,37.98,,,,38.7,0.97,2,0,0.75,0.79,,0.0,0.0,-1000,0,0,0,1,0,0,2.0,0.0,0.0,0.0,2.0,40.0,2.0,2.0,18.0,2.0,16.0,3390.0,11.0,22.0,15.0
187,,35.072452,-85.304925,2019-02-04,22:39:43,310 Sylvan St,330A293001,0.073,CHATTANOOGA,partly-cloudy-night,Mostly Cloudy,cloudy,Overcast,22,58.77,62.16,38.75,,,,53.4,0.82,2,0,6.71,0.76,,0.0,0.0,-1000,0,1,0,0,0,0,2.0,7.0,0.0,1.0,2.0,25.0,2.0,2.0,12.0,4.0,19.0,,,26.0,15.0
188,,35.011146000000004,-85.27261700000001,2019-02-04,5:51:49,3015 Woodside St,330A996001,0.141,CHATTANOOGA,fog,Foggy,cloudy,Overcast,5,40.11,62.28,38.76,,,,39.91,0.99,2,0,1.35,0.77,,0.0,0.0,-1000,0,0,0,1,0,0,2.0,0.0,0.0,,2.0,,2.0,2.0,12.0,4.0,19.0,,,18.0,15.0
189,,35.02332,-85.24452,2019-02-04,0:02:27,3591-3661 Brainerd Rd,33SR002001,12.594000000000001,CHATTANOOGA,clear-night,Clear,clear-night,Clear,0,46.23,61.51,43.41,,,,36.87,0.7,2,0,6.26,0.74,,0.0,0.0001,1549202400,1,0,0,0,0,0,2.0,2.0,0.0,1.0,2.0,35.0,4.0,4.0,13.0,1.0,14.0,27270.0,10.0,22.0,15.0
190,,35.044732,-85.161004,2019-02-04,8:35:48,6915 Shallowford Rd,3303580001,1.857,CHATTANOOGA,fog,Foggy,cloudy,Overcast,8,40.61,62.75,39.02,,,,39.35,0.95,2,0,1.14,0.76,,0.0,0.0,-1000,0,0,0,1,0,0,2.0,2.0,0.0,1.0,2.0,45.0,4.0,4.0,18.0,4.0,14.0,25210.0,12.0,24.0,15.0
191,,35.034727000000004,-85.26760999999999,2019-02-04,2:04:59,2333 Mccallie Ave,330A702001,0.092,CHATTANOOGA,partly-cloudy-night,Mostly Cloudy,cloudy,Overcast,2,40.64,62.6,39.39,,,,40.55,1.0,2,0,2.09,0.74,,0.0,0.0,-1000,0,1,0,0,0,0,2.0,7.0,0.0,1.0,2.0,25.0,2.0,2.0,12.0,4.0,19.0,,,30.0,15.0
192,,35.278573,-85.196626,2019-02-04,6:16:51,1100 Hotwater Rd,3302217001,1.811,HAMILTON COUNTY,fog,Foggy,cloudy,Overcast,6,36.95,58.77,35.6,,,,36.95,1.0,2,0,0.47,0.81,rain,0.0001,0.0015,1549310400,0,0,0,1,0,0,2.0,7.0,0.0,,2.0,30.0,2.0,2.0,11.0,2.0,8.0,430.0,15.0,20.0,15.0
193,,35.073644,-85.19034,2019-02-04,8:31:33,Jersey Pike / Bonny Oaks Dr,33SR317001,1.308,CHATTANOOGA,fog,Foggy,cloudy,Overcast,8,40.66,62.64,38.86,,,,39.32,0.95,2,0,1.07,0.77,,0.0,0.0,-1000,0,0,0,1,0,0,2.0,2.0,0.0,1.0,2.0,45.0,4.0,4.0,13.0,1.0,14.0,21980.0,11.0,24.0,15.0
194,,35.007761,-85.39434,2019-02-04,21:54:01,17300 INTERSTATE 24 WB,33I0024002,1.933,CHATTANOOGA,partly-cloudy-night,Mostly Cloudy,cloudy,Overcast,21,59.13,62.37,39.33,,,,53.51,0.82,2,0,4.03,0.71,,0.0,0.0,-1000,0,1,0,0,0,0,2.0,0.0,2.0,0.0,2.0,65.0,4.0,4.0,2.0,1.0,11.0,61260.0,9.0,24.0,15.0
195,,35.042316,-85.16656,2019-02-04,10:39:32,Lee Hwy / Conner Ln,33SR002001,18.105,CHATTANOOGA,partly-cloudy-day,Mostly Cloudy,cloudy,Overcast,10,48.81,62.78,39.06,,,,45.53,0.88,2,0,5.59,0.76,,0.0,0.0,-1000,0,1,0,0,0,0,2.0,2.0,0.0,1.0,2.0,40.0,4.0,4.0,13.0,1.0,14.0,19990.0,11.0,24.0,15.0
196,,35.061881,-85.229235,2019-02-04,5:40:43,2537 Tunnel Blvd,3303577001,4.477,CHATTANOOGA,fog,Foggy,cloudy,Overcast,5,40.87,62.5,39.27,,,,39.89,0.96,2,0,0.68,0.76,,0.0,0.0,-1000,0,0,0,1,0,0,2.0,7.0,0.0,1.0,2.0,35.0,2.0,2.0,18.0,4.0,16.0,4060.0,12.0,20.0,15.0
197,,35.039049,-85.32023000000001,2019-02-04,15:18:25,1620 Riverfront Pkwy,3305395001,0.627,CHATTANOOGA,partly-cloudy-day,Mostly Cloudy,cloudy,Overcast,15,61.9,62.62,39.66,,,,52.18,0.7,2,0,3.19,0.73,,0.0,0.0,-1000,0,1,0,0,0,0,2.0,5.0,0.0,1.0,2.0,40.0,4.0,4.0,16.0,4.0,16.0,8220.0,13.0,26.0,18.0
198,,34.989351,-85.200738,2019-02-04,17:48:59,6650 RINGGOLD RD,33SR008001,0.794,EAST RIDGE,partly-cloudy-day,Mostly Cloudy,cloudy,Overcast,17,62.84,62.84,39.35,,,,52.64,0.69,2,0,5.85,0.76,,0.0,0.0,-1000,0,1,0,0,0,0,2.0,2.0,0.0,1.0,2.0,35.0,4.0,4.0,21.0,1.0,16.0,10510.0,11.0,22.0,15.0
199,,34.990122,-85.20144499999999,2019-02-04,18:53:39,Ringgold Rd / Camp Jordan Pkwy,33SR008001,0.8390000000000001,EAST RIDGE,partly-cloudy-day,Mostly Cloudy,cloudy,Overcast,18,62.18,62.84,39.34,,,,52.6,0.71,2,0,6.07,0.76,,0.0,0.0,-1000,0,1,0,0,0,0,2.0,2.0,0.0,1.0,2.0,35.0,4.0,4.0,21.0,1.0,16.0,10510.0,11.0,22.0,15.0
200,,35.019833,-85.336134,2019-02-04,1:21:35,17700 Interstate 24 Eb,33I0024002,6.066,CHATTANOOGA,clear-night,Clear,cloudy,Overcast,1,44.15,62.29,39.37,,,,42.66,0.94,2,0,2.67,0.72,,0.0,0.0,-1000,1,0,0,0,0,0,2.0,0.0,2.0,0.0,2.0,65.0,4.0,4.0,2.0,1.0,11.0,72780.0,9.0,24.0,15.0
201,,35.071531,-85.156379,2019-02-04,21:23:24,3000-3099 HICKORY VALLEY RD,33SR317001,3.28,CHATTANOOGA,cloudy,Overcast,cloudy,Overcast,21,59.22,62.31,38.69,,,,52.92,0.8,2,0,6.39,0.77,,0.0,0.0,-1000,0,1,0,0,0,0,2.0,4.0,0.0,1.0,2.0,50.0,2.0,2.0,13.0,1.0,14.0,17080.0,11.0,,
202,,35.054234,-85.18655799999999,2019-02-04,22:36:55,6013 Shallowford Rd,330E652001,0.039,CHATTANOOGA,cloudy,Overcast,cloudy,Overcast,22,58.79,62.75,39.03,,,,53.1,0.81,2,0,6.23,0.77,,0.0,0.0,-1000,0,1,0,0,0,0,2.0,2.0,0.0,,2.0,30.0,1.0,1.0,12.0,4.0,19.0,,,10.0,15.0
203,,35.052278,-85.293274,2019-02-04,8:57:04,900-1999 Riverside Dr,3305395001,3.4130000000000003,CHATTANOOGA,fog,Foggy,cloudy,Overcast,8,41.22,62.67,39.44,,,,39.76,0.94,2,0,0.82,0.75,,0.0,0.0,-1000,0,0,0,1,0,0,2.0,4.0,0.0,1.0,2.0,50.0,4.0,4.0,16.0,4.0,14.0,24820.0,12.0,24.0,18.0
204,,35.023823,-85.247288,2019-02-04,19:03:47,3536 BRAINERD R,3303577001,1.611,CHATTANOOGA,partly-cloudy-night,Mostly Cloudy,cloudy,Overcast,19,59.7,62.37,38.82,,,,52.73,0.78,2,0,6.27,0.77,,0.0,0.0,-1000,0,1,0,0,0,0,2.0,4.0,0.0,1.0,2.0,30.0,2.0,2.0,18.0,4.0,16.0,7060.0,10.0,10.0,15.0
205,,35.024755,-85.247548,2019-02-04,17:07:33,3536 BRAINERD RD,33SR002001,12.392000000000001,CHATTANOOGA,partly-cloudy-day,Mostly Cloudy,cloudy,Overcast,17,62.36,62.36,38.81,,,,52.66,0.71,2,0,5.77,0.77,,0.0,0.0,-1000,0,1,0,0,0,0,2.0,2.0,0.0,1.0,2.0,35.0,4.0,4.0,13.0,1.0,14.0,36770.0,12.0,24.0,15.0
206,,35.146665999999996,-85.22317,2019-02-04,16:12:55,5555 HIXSON PIKE,33SR319001,5.959,CHATTANOOGA,partly-cloudy-day,Mostly Cloudy,cloudy,Overcast,16,62.17,62.17,38.82,,,,53.24,0.73,2,0,8.53,0.81,,0.0,0.0,-1000,0,1,0,0,0,0,2.0,4.0,0.0,1.0,2.0,45.0,4.0,4.0,13.0,1.0,14.0,30370.0,11.0,24.0,15.0
207,,35.146414,-85.222112,2019-02-04,0:13:36,5575 HIXSON PIKE,33SR319001,6.004,CHATTANOOGA,clear-night,Clear,clear-night,Clear,0,45.38,61.03,41.94,,,,35.76,0.69,2,0,6.9,0.68,,0.0,0.0005,1549202400,1,0,0,0,0,0,2.0,4.0,0.0,1.0,2.0,45.0,4.0,4.0,13.0,1.0,14.0,30370.0,11.0,24.0,15.0
208,,35.046419,-85.28689,2019-02-04,12:16:46,300 O Neal St,3303552001,1.3769999999999998,CHATTANOOGA,cloudy,Overcast,cloudy,Overcast,12,57.45,62.67,39.44,,,,49.36,0.74,2,0,5.58,0.75,,0.0,0.0,-1000,0,1,0,0,0,0,2.0,2.0,0.0,1.0,2.0,30.0,4.0,4.0,18.0,4.0,16.0,12970.0,11.0,22.0,15.0
209,,35.048003,-85.31232299999999,2019-02-04,10:10:38,700 Pine St,330A343001,0.138,CHATTANOOGA,partly-cloudy-day,Mostly Cloudy,cloudy,Overcast,10,49.47,62.52,39.54,,,,46.58,0.9,2,0,4.62,0.74,,0.0,0.0,-1000,0,1,0,0,0,0,2.0,2.0,0.0,1.0,2.0,,2.0,2.0,12.0,4.0,19.0,,,20.0,15.0
210,,35.018883,-85.187308,2019-02-04,16:15:13,Franklin Dr / E Brainerd Rd,33SR320001,1.149,CHATTANOOGA,partly-cloudy-day,Mostly Cloudy,cloudy,Overcast,16,62.29,62.66,39.06,,,,52.85,0.71,2,0,7.58,0.76,,0.0,0.0,-1000,0,1,0,0,0,0,2.0,7.0,0.0,1.0,2.0,40.0,2.0,2.0,21.0,1.0,14.0,14820.0,11.0,,
211,,35.02158,-85.163177,2019-02-04,6:42:00,1651 Gunbarrel Rd,330E444001,0.47100000000000003,CHATTANOOGA,fog,Foggy,cloudy,Overcast,6,40.56,62.65,39.01,,,,39.89,0.97,2,0,1.59,0.76,,0.0,0.0,-1000,0,0,0,1,0,0,2.0,7.0,0.0,1.0,2.0,25.0,2.0,2.0,12.0,4.0,19.0,,,26.0,15.0
212,,35.061827,-85.30544300000001,2019-02-04,11:53:04,330 Frazier Ave,3303546001,0.18600000000000003,CHATTANOOGA,partly-cloudy-day,Mostly Cloudy,cloudy,Overcast,11,54.32,62.53,39.29,,,,47.59,0.78,2,0,5.58,0.75,,0.0,0.0,-1000,0,1,0,0,0,0,2.0,2.0,0.0,1.0,2.0,30.0,4.0,4.0,18.0,4.0,16.0,17270.0,10.0,44.0,15.0
213,,35.01702,-85.18151999999999,2019-02-04,1:52:52,6831-6879 E Brainerd Rd,33SR320001,1.534,CHATTANOOGA,clear-night,Clear,cloudy,Overcast,1,43.7,62.63,39.03,,,,41.27,0.91,2,0,2.52,0.76,,0.0,0.0,-1000,1,0,0,0,0,0,2.0,4.0,0.0,0.0,2.0,40.0,4.0,4.0,21.0,1.0,14.0,14820.0,11.0,24.0,15.0
214,,35.016889,-85.181912,2019-02-04,0:52:53,E Brainerd Rd / Hickory Valley Rd,3303603001,0.002,CHATTANOOGA,clear-night,Clear,clear-night,Clear,0,46.84,61.47,44.14,,,,37.12,0.69,2,0,6.1,0.73,rain,0.0002,0.0043,1549202400,1,0,0,0,0,0,2.0,2.0,0.0,1.0,2.0,35.0,2.0,2.0,18.0,4.0,16.0,13120.0,12.0,12.0,15.0
215,,35.147298,-85.251651,2019-02-04,13:09:43,5591 Highway 153,330C910001,0.544,CHATTANOOGA,cloudy,Overcast,cloudy,Overcast,13,58.89,61.93,38.66,,,,49.11,0.7,2,0,6.85,0.81,,0.0,0.0,-1000,0,1,0,0,0,0,2.0,0.0,0.0,,2.0,,2.0,2.0,12.0,4.0,19.0,,,18.0,15.0
216,,35.119695,-85.291474,2019-02-04,4:40:16,3901 Dayton Blvd,330C656001,0.052000000000000005,RED BANK,fog,Foggy,cloudy,Overcast,4,40.66,62.24,38.81,,,,39.31,0.95,2,0,0.83,0.77,,0.0,0.0,-1000,0,0,0,1,0,0,2.0,7.0,0.0,,2.0,,2.0,2.0,12.0,4.0,19.0,,,18.0,15.0
217,,35.046588,-85.307659,2019-02-04,22:41:40,818 Georgia Ave,3303546001,1.4669999999999999,CHATTANOOGA,partly-cloudy-night,Mostly Cloudy,cloudy,Overcast,22,59.11,62.57,39.34,,,,53.38,0.81,2,0,6.37,0.74,,0.0,0.0,-1000,0,1,0,0,0,0,2.0,2.0,0.0,1.0,1.0,30.0,4.0,4.0,16.0,4.0,16.0,9420.0,12.0,40.0,15.0
218,,35.028566,-85.16207800000001,2019-02-04,8:43:18,7200 Igou Gap Rd,3304988001,3.301,CHATTANOOGA,fog,Foggy,cloudy,Overcast,8,40.57,62.66,38.99,,,,39.46,0.96,2,0,1.18,0.76,,0.0,0.0,-1000,0,0,0,1,0,0,2.0,4.0,0.0,1.0,2.0,30.0,2.0,2.0,18.0,4.0,16.0,9540.0,12.0,18.0,15.0
219,,35.021809000000005,-85.297892,2019-02-04,2:44:28,18000 INTERSTATE 24 EB,33I0024002,8.966000000000001,CHATTANOOGA,partly-cloudy-night,Mostly Cloudy,cloudy,Overcast,2,40.75,62.69,39.48,,,,40.59,0.99,2,0,2.15,0.73,,0.0,0.0,-1000,0,1,0,0,0,0,2.0,2.0,2.0,1.0,2.0,55.0,6.0,8.0,2.0,1.0,11.0,120370.0,9.0,36.0,15.0
220,,35.019411,-85.29566899999999,2019-02-04,6:44:48,18010-18029 Interstate 24 Eb,33I0024002,9.173,CHATTANOOGA,fog,Foggy,cloudy,Overcast,6,40.83,62.69,39.49,,,,39.84,0.96,2,0,1.18,0.73,,0.0,0.0,-1000,0,0,0,1,0,0,2.0,2.0,2.0,1.0,2.0,55.0,6.0,6.0,2.0,1.0,11.0,120370.0,9.0,36.0,15.0
221,,35.021809000000005,-85.297892,2019-02-04,16:46:09,18000 INTERSTATE 24 EB,33I0024002,8.966000000000001,CHATTANOOGA,partly-cloudy-day,Mostly Cloudy,cloudy,Overcast,16,62.49,62.69,39.48,,,,53.34,0.72,2,0,6.91,0.73,,0.0,0.0,-1000,0,1,0,0,0,0,2.0,2.0,2.0,1.0,2.0,55.0,6.0,8.0,2.0,1.0,11.0,120370.0,9.0,36.0,15.0
222,,35.344308000000005,-85.130166,2019-02-04,7:48:09,13579 Dayton Pike,330D740001,0.11699999999999999,HAMILTON COUNTY,fog,Foggy,cloudy,Overcast,7,38.72,61.34,38.08,,,,37.81,0.96,2,0,0.25,0.81,rain,0.0002,0.003,1549310400,0,0,0,1,0,0,2.0,0.0,0.0,,2.0,,2.0,2.0,11.0,2.0,9.0,,,24.0,15.0
223,,35.143721,-85.247823,2019-02-04,19:53:36,5510 Highway 153,330C939001,0.632,CHATTANOOGA,partly-cloudy-night,Mostly Cloudy,cloudy,Overcast,19,60.3,62.02,38.75,,,,53.1,0.77,2,0,6.9,0.81,,0.0,0.0,-1000,0,1,0,0,0,0,2.0,7.0,0.0,1.0,2.0,,2.0,2.0,12.0,4.0,19.0,,,16.0,15.0
224,,35.01685,-85.182285,2019-02-04,6:53:45,6810-6829 E Brainerd Rd,33SR320001,1.4880000000000002,CHATTANOOGA,fog,Foggy,cloudy,Overcast,6,40.52,62.62,39.02,,,,39.86,0.97,2,0,1.64,0.76,,0.0,0.0,-1000,0,0,0,1,0,0,2.0,7.0,0.0,1.0,2.0,40.0,3.0,3.0,21.0,1.0,14.0,14820.0,11.0,24.0,15.0
225,,35.072687,-85.18445200000001,2019-02-04,21:56:56,6135 Heritage Park Dr,330E660001,0.207,CHATTANOOGA,cloudy,Overcast,cloudy,Overcast,21,58.87,62.64,38.85,,,,53.16,0.81,2,0,6.3,0.77,,0.0,0.0,-1000,0,1,0,0,0,0,2.0,5.0,0.0,1.0,2.0,,2.0,2.0,12.0,4.0,19.0,,,30.0,15.0
226,,35.021809000000005,-85.297892,2019-02-04,14:56:55,18000 INTERSTATE 24 EB,33I0024002,8.966000000000001,CHATTANOOGA,cloudy,Overcast,cloudy,Overcast,14,60.97,62.69,39.48,,,,52.35,0.73,2,0,5.47,0.73,,0.0,0.0,-1000,0,1,0,0,0,0,2.0,2.0,2.0,1.0,2.0,55.0,6.0,8.0,2.0,1.0,11.0,120370.0,9.0,36.0,15.0
227,,35.127277,-85.321189,2019-02-04,13:03:29,3900 W RD,3301147001,2.36,HAMILTON COUNTY,cloudy,Overcast,cloudy,Overcast,13,58.07,60.57,37.17,,,,49.67,0.74,2,0,6.91,0.77,,0.0,0.0,-1000,0,1,0,0,0,0,3.0,0.0,0.0,0.0,2.0,40.0,2.0,2.0,18.0,2.0,16.0,5680.0,13.0,20.0,15.0
228,,35.277715,-85.15536999999999,2019-02-04,6:15:56,2100 Highway 27 Sb,33SR029001,19.209,SODDY DAISY,fog,Foggy,cloudy,Overcast,6,39.29,61.45,37.89,,,,38.57,0.97,2,0,0.46,0.81,rain,0.0001,0.002,1549310400,0,0,0,1,0,0,2.0,0.0,2.0,0.0,2.0,65.0,4.0,4.0,13.0,1.0,12.0,28890.0,10.0,24.0,15.0
229,,35.25562,-85.1732,2019-02-04,2:16:11,1890-2058 Highway 27 Nb,33SR029001,17.362000000000002,SODDY DAISY,fog,Foggy,cloudy,Overcast,2,39.63,61.35,37.82,,,,38.85,0.97,2,0,0.83,0.81,rain,0.0001,0.0013,1549310400,0,0,0,1,0,0,2.0,0.0,2.0,0.0,2.0,65.0,4.0,4.0,13.0,1.0,12.0,28890.0,10.0,24.0,15.0
230,,35.254169,-85.175289,2019-02-04,2:16:18,1900 - 2059 Highway 27 Sb,33SR029001,17.209,SODDY DAISY,fog,Foggy,cloudy,Overcast,2,39.71,61.41,37.89,,,,38.87,0.97,2,0,0.84,0.81,rain,0.0001,0.0013,1549310400,0,0,0,1,0,0,2.0,0.0,2.0,0.0,2.0,65.0,4.0,5.0,13.0,1.0,12.0,28890.0,10.0,24.0,15.0
231,,35.253617999999996,-85.17541,2019-02-04,11:16:27,1890 - 2059 Highway 27 Nb,33SR029001,17.176,SODDY DAISY,partly-cloudy-day,Partly Cloudy,cloudy,Overcast,11,52.5,61.41,37.89,,,,46.66,0.8,2,0,8.88,0.81,rain,0.0001,0.0012,1549310400,0,1,0,0,0,0,2.0,0.0,2.0,0.0,2.0,65.0,4.0,5.0,13.0,1.0,12.0,28890.0,10.0,24.0,15.0
232,,35.277715,-85.15536999999999,2019-02-04,17:17:01,2100 Highway 27 Sb,33SR029001,19.209,SODDY DAISY,partly-cloudy-day,Mostly Cloudy,cloudy,Overcast,17,61.45,61.45,37.89,,,,52.54,0.73,2,0,10.0,0.81,rain,0.0001,0.002,1549310400,0,1,0,0,0,0,2.0,0.0,2.0,0.0,2.0,65.0,4.0,4.0,13.0,1.0,12.0,28890.0,10.0,24.0,15.0
233,,35.254169,-85.175289,2019-02-04,20:17:23,1900 - 2059 Highway 27 Sb,33SR029001,17.209,SODDY DAISY,partly-cloudy-night,Mostly Cloudy,cloudy,Overcast,20,58.44,61.41,37.89,,,,52.62,0.81,2,0,10.0,0.81,rain,0.0001,0.0013,1549310400,0,1,0,0,0,0,2.0,0.0,2.0,0.0,2.0,65.0,4.0,5.0,13.0,1.0,12.0,28890.0,10.0,24.0,15.0
234,,35.246389,-85.1781,2019-02-04,9:18:02,300 Sequoyah Rd,3301126001,4.524,SODDY DAISY,fog,Foggy,cloudy,Overcast,9,41.6,61.42,37.89,,,,39.96,0.94,2,0,1.57,0.81,rain,0.0001,0.0012,1549310400,0,0,0,1,0,0,2.0,0.0,0.0,,2.0,45.0,2.0,2.0,18.0,4.0,16.0,12210.0,11.0,12.0,15.0
235,,35.069889,-85.145113,2019-02-04,16:20:20,7000-7199 Volkswagen Dr,3305747001,0.158,CHATTANOOGA,partly-cloudy-day,Mostly Cloudy,cloudy,Overcast,16,61.97,62.29,38.63,,,,52.89,0.72,2,0,8.13,0.76,,0.0,0.0,-1000,0,1,0,0,0,0,2.0,2.0,0.0,1.0,2.0,45.0,4.0,4.0,18.0,4.0,17.0,10600.0,15.0,20.0,15.0
236,,35.246389,-85.1781,2019-02-04,5:20:43,300 Sequoyah Rd,3301126001,4.524,SODDY DAISY,fog,Foggy,cloudy,Overcast,5,39.21,61.42,37.89,,,,38.46,0.97,2,0,0.25,0.81,rain,0.0001,0.0012,1549310400,0,0,0,1,0,0,2.0,0.0,0.0,,2.0,45.0,2.0,2.0,18.0,4.0,16.0,12210.0,11.0,12.0,15.0
237,,35.069494,-85.14957,2019-02-04,17:20:45,6800 - 7089 Bonny Oaks Dr,33SR317001,3.685,CHATTANOOGA,partly-cloudy-day,Mostly Cloudy,cloudy,Overcast,17,62.33,62.33,38.69,,,,52.53,0.7,2,0,6.54,0.76,,0.0,0.0,-1000,0,1,0,0,0,0,2.0,4.0,0.0,1.0,2.0,50.0,2.0,2.0,13.0,1.0,14.0,17080.0,11.0,20.0,15.0
238,,35.254169,-85.175289,2019-02-04,21:20:57,1900 - 2059 Highway 27 Sb,33SR029001,17.209,SODDY DAISY,cloudy,Overcast,cloudy,Overcast,21,58.27,61.41,37.89,,,,52.9,0.82,2,0,10.0,0.81,rain,0.0001,0.0013,1549310400,0,1,0,0,0,0,2.0,0.0,2.0,0.0,2.0,65.0,4.0,5.0,13.0,1.0,12.0,28890.0,10.0,24.0,15.0
239,,35.04887,-85.307563,2019-02-04,2:39:44,615 Walnut St,330A366001,0.45399999999999996,CHATTANOOGA,partly-cloudy-night,Mostly Cloudy,cloudy,Overcast,2,40.56,62.55,39.32,,,,40.4,0.99,2,0,2.06,0.75,,0.0,0.0,-1000,0,1,0,0,0,0,2.0,4.0,0.0,1.0,1.0,30.0,2.0,2.0,12.0,4.0,19.0,,,20.0,15.0
240,,35.034727000000004,-85.26760999999999,2019-02-04,19:42:03,2333 Mccallie Ave,330A702001,0.092,CHATTANOOGA,partly-cloudy-night,Mostly Cloudy,cloudy,Overcast,19,60.3,62.6,39.39,,,,52.83,0.76,2,0,6.2,0.74,,0.0,0.0,-1000,0,1,0,0,0,0,2.0,7.0,0.0,1.0,2.0,25.0,2.0,2.0,12.0,4.0,19.0,,,30.0,15.0
241,,35.049721999999996,-85.307452,2019-02-04,1:54:27,600 - 699 Walnut St,330A366001,0.397,CHATTANOOGA,clear-night,Clear,cloudy,Overcast,1,43.96,62.55,39.32,,,,42.57,0.95,2,0,2.05,0.75,,0.0,0.0,-1000,1,0,0,0,0,0,2.0,4.0,0.0,1.0,1.0,30.0,2.0,2.0,12.0,4.0,19.0,,,28.0,15.0
242,,35.049345,-85.053146,2019-02-04,9:06:40,4970 Colcord Dr,3302201001,1.787,COLLEGEDALE,fog,Foggy,cloudy,Overcast,9,42.17,62.03,38.52,,,,40.96,0.95,2,0,1.7,0.74,,0.0,0.0,-1000,0,0,0,1,0,0,2.0,9.0,0.0,1.0,2.0,30.0,2.0,2.0,18.0,4.0,16.0,9290.0,11.0,,
243,,35.034727000000004,-85.26760999999999,2019-02-04,3:26:18,2333 Mccallie Ave,330A702001,0.092,CHATTANOOGA,fog,Foggy,cloudy,Overcast,3,39.39,62.6,39.39,,,,39.39,1.0,2,0,0.82,0.74,,0.0,0.0,-1000,0,0,0,1,0,0,2.0,7.0,0.0,1.0,2.0,25.0,2.0,2.0,12.0,4.0,19.0,,,30.0,15.0
244,,35.028799,-85.358942,2019-02-04,8:26:16,17540 - 17819 INTERSTATE 24 WB,33I0024002,4.545,CHATTANOOGA,fog,Foggy,cloudy,Overcast,8,41.46,62.46,39.53,,,,40.2,0.95,2,0,1.24,0.73,,0.0,0.0,-1000,0,0,0,1,0,0,2.0,0.0,2.0,0.0,2.0,65.0,4.0,6.0,2.0,1.0,11.0,72780.0,9.0,24.0,15.0
245,,35.027027000000004,-85.345706,2019-02-04,9:26:33,17620 INTERSTATE 24 WB,33I0024002,5.324,CHATTANOOGA,fog,Foggy,cloudy,Overcast,9,43.87,62.64,39.7,,,,41.72,0.92,2,0,1.34,0.73,,0.0,0.0,-1000,0,0,0,1,0,0,2.0,0.0,2.0,0.0,2.0,65.0,4.0,4.0,2.0,1.0,11.0,72780.0,9.0,24.0,15.0
246,,35.028238,-85.348903,2019-02-04,8:42:59,17600 Interstate 24 Wb,33I0024002,5.124,CHATTANOOGA,fog,Foggy,cloudy,Overcast,8,41.67,62.65,39.72,,,,40.21,0.95,2,0,1.24,0.73,,0.0,0.0,-1000,0,0,0,1,0,0,2.0,0.0,2.0,0.0,2.0,65.0,4.0,4.0,2.0,1.0,11.0,72780.0,9.0,24.0,15.0
247,,35.042901,-85.222382,2019-02-04,6:45:56,4000 - 4119 Shallowford Rd,3303556001,3.323,CHATTANOOGA,fog,Foggy,cloudy,Overcast,6,40.85,62.8,39.17,,,,39.85,0.96,2,0,1.61,0.77,,0.0,0.0,-1000,0,0,0,1,0,0,2.0,7.0,0.0,1.0,2.0,40.0,4.0,4.0,18.0,4.0,16.0,22270.0,13.0,24.0,15.0
248,,35.015817999999996,-85.254192,2019-02-04,23:56:52,18300 Interstate 24 Eb,33I0024002,11.914000000000001,EAST RIDGE,cloudy,Overcast,cloudy,Overcast,23,57.93,62.27,38.74,,,,53.23,0.84,2,0,9.02,0.77,,0.0,0.0,-1000,0,1,0,0,0,0,2.0,0.0,2.0,1.0,2.0,55.0,6.0,6.0,2.0,1.0,11.0,118650.0,9.0,36.0,18.0
249,,35.044398,-85.150217,2019-02-04,5:09:49,7320 - 7399 Mccutcheon Rd,330E469001,0.37799999999999995,CHATTANOOGA,fog,Foggy,cloudy,Overcast,5,40.5,62.66,38.9,,,,39.91,0.98,2,0,1.21,0.76,,0.0,0.0,-1000,0,0,0,1,0,0,2.0,2.0,0.0,1.0,2.0,,2.0,2.0,12.0,4.0,19.0,,,26.0,15.0
250,,34.996503000000004,-85.291622,2019-02-04,16:46:12,4015 Rossville Blvd,330A940001,0.19,CHATTANOOGA,partly-cloudy-day,Mostly Cloudy,cloudy,Overcast,16,62.55,62.81,39.46,,,,53.18,0.71,2,0,6.79,0.7,,0.0,0.0,-1000,0,1,0,0,0,0,2.0,2.0,0.0,1.0,2.0,30.0,2.0,2.0,12.0,4.0,19.0,,,28.0,15.0
251,,34.998306,-85.291556,2019-02-04,14:50:14,3948 ROSSVILLE BLVD,33SR027001,6.945,CHATTANOOGA,cloudy,Overcast,cloudy,Overcast,14,60.98,62.81,39.46,,,,52.26,0.73,2,0,5.43,0.7,,0.0,0.0,-1000,0,1,0,0,0,0,2.0,2.0,0.0,1.0,2.0,40.0,4.0,4.0,13.0,1.0,14.0,22860.0,10.0,30.0,15.0
252,,34.998306,-85.291556,2019-02-04,14:02:08,3948 ROSSVILLE BLVD,33SR027001,6.945,CHATTANOOGA,cloudy,Overcast,cloudy,Overcast,14,60.98,62.81,39.46,,,,52.26,0.73,2,0,5.43,0.7,,0.0,0.0,-1000,0,1,0,0,0,0,2.0,2.0,0.0,1.0,2.0,40.0,4.0,4.0,13.0,1.0,14.0,22860.0,10.0,30.0,15.0
253,,35.035802000000004,-85.303174,2019-02-04,8:07:20,1362 Passenger St,330A637001,0.11,CHATTANOOGA,fog,Foggy,cloudy,Overcast,8,41.16,62.63,39.42,,,,39.8,0.95,2,0,0.84,0.74,,0.0,0.0,-1000,0,0,0,1,0,0,2.0,4.0,0.0,1.0,2.0,,2.0,2.0,12.0,4.0,19.0,,,16.0,6.0
254,,35.053938,-85.180324,2019-02-04,6:48:20,7213 NOAH REID RD,330C327001,0.065,CHATTANOOGA,fog,Foggy,cloudy,Overcast,6,40.77,62.78,39.05,,,,39.91,0.97,2,0,1.51,0.77,,0.0,0.0,-1000,0,0,0,1,0,0,2.0,4.0,0.0,1.0,2.0,25.0,2.0,2.0,12.0,4.0,19.0,,,20.0,15.0
255,,35.026064,-85.280753,2019-02-04,11:55:12,1814 E Main St,33SR008001,6.425,CHATTANOOGA,partly-cloudy-day,Mostly Cloudy,cloudy,Overcast,11,54.43,62.64,39.44,,,,47.72,0.78,2,0,5.53,0.74,,0.0,0.0,-1000,0,1,0,0,0,0,2.0,2.0,0.0,1.0,2.0,35.0,4.0,4.0,21.0,1.0,16.0,9150.0,13.0,36.0,15.0
256,,35.012892,-85.31246800000001,2019-02-04,5:27:00,400 W 33RD ST,330C587001,0.27899999999999997,CHATTANOOGA,fog,Foggy,cloudy,Overcast,5,41.26,62.66,39.77,,,,40.12,0.96,2,0,0.93,0.72,,0.0,0.0,-1000,0,0,0,1,0,0,2.0,0.0,0.0,,2.0,,2.0,2.0,12.0,4.0,19.0,,,22.0,15.0
257,,34.996778000000006,-85.239998,2019-02-04,16:12:20,4301 RINGGOLD RD,330B773001,0.25,EAST RIDGE,partly-cloudy-day,Mostly Cloudy,cloudy,Overcast,16,62.39,62.68,39.19,,,,53.21,0.72,2,0,7.23,0.76,,0.0,0.0,-1000,0,1,0,0,0,0,2.0,7.0,0.0,1.0,2.0,30.0,2.0,2.0,12.0,4.0,19.0,,,24.0,15.0
258,,35.063767999999996,-85.31026,2019-02-04,12:48:22,103 Cherokee Blvd,330A308001,0.071,CHATTANOOGA,cloudy,Overcast,cloudy,Overcast,12,57.29,62.52,39.28,,,,49.34,0.75,2,0,5.58,0.75,,0.0,0.0,-1000,0,1,0,0,0,0,2.0,2.0,0.0,1.0,2.0,,2.0,2.0,12.0,4.0,19.0,,,30.0,15.0
259,,35.22789,-85.226823,2019-02-04,16:00:45,236 Montlake Rd,3303630001,0.532,SODDY DAISY,partly-cloudy-day,Mostly Cloudy,cloudy,Overcast,16,61.26,61.26,37.83,,,,53.11,0.75,2,0,9.02,0.81,,0.0,0.0002,1549306800,0,1,0,0,0,0,2.0,7.0,0.0,1.0,2.0,35.0,2.0,2.0,18.0,4.0,17.0,2650.0,11.0,20.0,15.0
260,,35.235836,-85.225606,2019-02-04,4:06:22,700 MONTLAKE RD,3303630001,2.313,HAMILTON COUNTY,fog,Foggy,cloudy,Overcast,4,38.43,59.66,37.04,,,,38.43,1.0,2,0,0.28,0.81,,0.0,0.0008,1549310400,0,0,0,1,0,0,2.0,0.0,0.0,,2.0,35.0,2.0,2.0,11.0,2.0,8.0,2650.0,11.0,20.0,15.0
64,,35.200097,-85.158988,2019-02-05,23:41:08,8540 Hixson Pike,33SR319001,11.884,LAKESITE,partly-cloudy-night,Mostly Cloudy,partly-cloudy-night,Mostly Cloudy,23,58.52,72.55,55.81,,,,55.74,0.9,2,1,7.56,0.82,rain,0.0001,0.0015,1549353600,0,1,0,0,0,0,2.0,4.0,0.0,1.0,2.0,45.0,4.0,4.0,13.0,1.0,14.0,17270.0,13,24.0,15.0
63,,35.082937,-85.078216,2019-02-05,6:26:07,1100 Interstate 75 Sb,33I0075001,10.956,CHATTANOOGA,cloudy,Overcast,partly-cloudy-night,Mostly Cloudy,6,56.8,71.8,56.49,,,,54.62,0.92,2,1,4.81,0.76,rain,0.0001,0.0013,1549353600,0,1,0,0,0,0,2.0,0.0,2.0,0.0,2.0,65.0,8.0,8.0,2.0,1.0,11.0,62800.0,9,48.0,18.0
62,,35.258162,-85.213805,2019-02-05,6:28:30,1200 POE RD,3301126001,9.61,HAMILTON COUNTY,cloudy,Overcast,partly-cloudy-night,Mostly Cloudy,6,52.94,69.02,52.07,,,,52.94,1,2,1,8.34,0.82,rain,0.0001,0.0017,1549353600,0,1,0,0,0,0,3.0,7.0,0.0,,2.0,35.0,2.0,2.0,,,,770.0,10,,
61,,35.123075,-85.239491,2019-02-05,6:37:59,Highway 153 / Hamill Rd,3304133001,0.694,CHATTANOOGA,cloudy,Overcast,partly-cloudy-night,Mostly Cloudy,6,56.83,72.57,56.64,,,,54.5,0.92,2,1,5.51,0.81,rain,0.0001,0.0017,1549353600,0,1,0,0,0,0,,7.0,0.0,,2.0,,2.0,2.0,18.0,4.0,16.0,6100.0,13,20.0,15.0
60,,35.022196,-85.269492,2019-02-05,1:55:55,E Main St / Dodds Ave,33SR002001,10.607,CHATTANOOGA,cloudy,Overcast,partly-cloudy-night,Mostly Cloudy,1,58.26,72.11,56.4,,,,54.09,0.86,2,1,4.62,0.76,rain,0.0001,0.0017,1549353600,0,1,0,0,0,0,2.0,2.0,0.0,1.0,2.0,35.0,4.0,4.0,13.0,1.0,14.0,17340.0,11,36.0,15.0
59,,34.990498,-85.220262,2019-02-05,13:58:48,San Hsi Dr / Ringgold Rd,33SR008001,1.905,EAST RIDGE,partly-cloudy-day,Mostly Cloudy,partly-cloudy-night,Mostly Cloudy,13,66.52,72.33,56.73,,,,58.48,0.75,2,1,5.8,0.76,rain,0.0001,0.0016,1549353600,0,1,0,0,0,0,2.0,2.0,0.0,1.0,2.0,35.0,4.0,4.0,13.0,1.0,14.0,19070.0,11,24.0,15.0
58,,35.11036,-85.229395,2019-02-05,18:07:16,710-729 HIGHWAY 153 SB,33SR153001,7.194,CHATTANOOGA,partly-cloudy-day,Mostly Cloudy,partly-cloudy-night,Mostly Cloudy,18,69.82,72.42,56.51,,,,56.52,0.63,2,1,8.27,0.81,rain,0.0001,0.0017,1549353600,0,1,0,0,0,0,2.0,0.0,2.0,0.0,2.0,55.0,4.0,4.0,13.0,1.0,12.0,47830.0,11,24.0,15.0
57,,35.021809,-85.297892,2019-02-05,0:16:15,18000 Interstate 24 Eb,33I0024002,8.966,CHATTANOOGA,clear-night,Clear,cloudy,Overcast,0,44.45,62.69,39.48,,,,42.27,0.92,2,1,4.75,0.73,NA,0.0,0.0,-1000,1,0,0,0,0,0,2.0,2.0,2.0,1.0,2.0,55.0,6.0,8.0,2.0,1.0,11.0,120370.0,9,36.0,15.0
56,,35.021809,-85.297892,2019-02-05,14:20:57,18000 Interstate 24 Eb,33I0024002,8.966,CHATTANOOGA,partly-cloudy-day,Mostly Cloudy,partly-cloudy-night,Mostly Cloudy,14,69.97,72.5,57.06,,,,58.83,0.68,2,1,5.47,0.79,rain,0.0001,0.0017,1549353600,0,1,0,0,0,0,2.0,2.0,2.0,1.0,2.0,55.0,6.0,8.0,2.0,1.0,11.0,120370.0,9,36.0,15.0
55,,35.021809,-85.297892,2019-02-05,1:25:22,18000 Interstate 24 Eb,33I0024002,8.966,CHATTANOOGA,cloudy,Overcast,partly-cloudy-night,Mostly Cloudy,1,58.69,72.5,57.06,,,,54.33,0.85,2,1,4.47,0.79,rain,0.0001,0.0017,1549353600,0,1,0,0,0,0,2.0,2.0,2.0,1.0,2.0,55.0,6.0,8.0,2.0,1.0,11.0,120370.0,9,36.0,15.0
54,,35.030975,-85.124943,2019-02-05,14:35:14,8206-8298 SHALLOWFORD RD,3303582001,0.524,CHATTANOOGA,partly-cloudy-day,Partly Cloudy,partly-cloudy-night,Mostly Cloudy,14,69.55,71.83,56.44,,,,58.61,0.68,2,1,6.06,0.76,rain,0.0001,0.0015,1549353600,0,1,0,0,0,0,2.0,7.0,0.0,1.0,2.0,40.0,2.0,2.0,18.0,4.0,16.0,8020.0,11,20.0,15.0
53,,35.005794,-85.229886,2019-02-05,14:35:24,18450 Interstate 24 Eb,33I0024002,13.469,CHATTANOOGA,partly-cloudy-day,Mostly Cloudy,partly-cloudy-night,Mostly Cloudy,14,70.38,72.37,56.71,,,,58.67,0.66,2,1,5.79,0.76,rain,0.0001,0.0017,1549353600,0,1,0,0,0,0,2.0,2.0,2.0,1.0,2.0,55.0,6.0,6.0,2.0,1.0,11.0,134740.0,9,36.0,18.0
52,,35.014733,-85.251611,2019-02-05,14:50:10,3700 - 3799 N Terrace,3303577001,0.934,CHATTANOOGA,partly-cloudy-day,Mostly Cloudy,partly-cloudy-night,Mostly Cloudy,14,70,71.97,56.29,,,,58.73,0.67,2,1,5.74,0.76,rain,0.0001,0.0017,1549353600,0,1,0,0,0,0,2.0,7.0,0.0,1.0,2.0,30.0,2.0,2.0,18.0,4.0,16.0,7060.0,10,10.0,15.0
51,,35.152975,-85.24562,2019-02-05,14:53:51,5764 Highway 153,3304428001,0.891,CHATTANOOGA,partly-cloudy-day,Mostly Cloudy,partly-cloudy-night,Mostly Cloudy,14,69.9,72.5,56.48,,,,57.93,0.66,2,1,7.11,0.82,rain,0.0001,0.0017,1549353600,0,1,0,0,0,0,2.0,0.0,0.0,1.0,2.0,35.0,2.0,2.0,18.0,4.0,17.0,4500.0,12,24.0,15.0
50,,35.30479,-85.163133,2019-02-05,19:58:31,11600 Highway 111 Sb,33SR111001,0.945,SODDY DAISY,partly-cloudy-night,Partly Cloudy,partly-cloudy-night,Mostly Cloudy,19,65.73,71.84,54.47,,,,55.7,0.7,2,1,10,0.81,rain,0.0001,0.0015,1549353600,0,1,0,0,0,0,3.0,0.0,2.0,0.0,2.0,65.0,4.0,6.0,13.0,1.0,12.0,8820.0,10,24.0,15.0
49,,35.021984,-85.269446,2019-02-05,9:00:31,1500 DODDS AVE,33SR002001,10.596,CHATTANOOGA,cloudy,Overcast,partly-cloudy-night,Mostly Cloudy,9,58.23,72.1,56.39,,,,55.76,0.91,2,1,5.22,0.76,rain,0.0001,0.0017,1549353600,0,1,0,0,0,0,2.0,2.0,0.0,1.0,2.0,35.0,4.0,4.0,13.0,1.0,14.0,17340.0,11,36.0,15.0
48,,35.02197,-85.26953,2019-02-05,11:01:19,1500 Dodds Ave,33SR002001,10.593,CHATTANOOGA,cloudy,Overcast,partly-cloudy-night,Mostly Cloudy,11,61.51,72.1,56.39,,,,57.33,0.86,2,1,5.4,0.76,rain,0.0001,0.0017,1549353600,0,1,0,0,0,0,2.0,2.0,0.0,1.0,2.0,35.0,4.0,4.0,13.0,1.0,14.0,17340.0,11,36.0,15.0
47,,35.01406,-85.274554,2019-02-05,22:17:55,Dodds Ave / E 24th St,330B654001,0.374,CHATTANOOGA,partly-cloudy-night,Mostly Cloudy,partly-cloudy-night,Mostly Cloudy,22,61.12,72.15,56.46,,,,55.92,0.83,2,1,5.73,0.76,rain,0.0001,0.0017,1549353600,0,1,0,0,0,0,2.0,7.0,0.0,1.0,2.0,,2.0,2.0,12.0,4.0,19.0,,,18.0,15.0
46,,35.086282,-85.327043,2019-02-05,13:23:30,305-317 Signal Mountain Rd,330A044001,0.002,RED BANK,partly-cloudy-day,Mostly Cloudy,partly-cloudy-night,Mostly Cloudy,13,66.23,72.3,56.64,,,,58.25,0.75,2,1,6.8,0.8,rain,0.0001,0.0019,1549353600,0,1,0,0,0,0,2.0,0.0,0.0,,2.0,,4.0,4.0,12.0,4.0,19.0,,,20.0,15.0
45,,35.086383,-85.336105,2019-02-05,12:24:39,171 Baylor School Rd,330A044001,0.494,CHATTANOOGA,cloudy,Overcast,partly-cloudy-night,Mostly Cloudy,12,63.95,72.61,56.86,,,,57.68,0.8,2,1,2.43,0.8,rain,0.0001,0.0019,1549353600,0,1,0,0,0,0,2.0,7.0,0.0,,2.0,15.0,2.0,2.0,12.0,4.0,19.0,,,20.0,15.0
44,,35.058415,-85.309303,2019-02-05,1:32:29,30 N Market St,33SR008001,9.841,CHATTANOOGA,cloudy,Overcast,partly-cloudy-night,Mostly Cloudy,1,58.66,72.55,56.98,,,,54.3,0.85,2,1,4.47,0.8,rain,0.0001,0.0018,1549353600,0,1,0,0,0,0,2.0,2.0,0.0,1.0,2.0,30.0,4.0,4.0,21.0,1.0,16.0,17840.0,11,36.0,18.0
43,,35.124595,-85.248274,2019-02-05,0:46:00,4707 Hixson Pike,3303588001,3.812,CHATTANOOGA,partly-cloudy-night,Partly Cloudy,cloudy,Overcast,0,44.21,61.97,38.75,,,,41.76,0.91,2,1,5.38,0.78,NA,0.0,0.0,-1000,0,1,0,0,0,0,2.0,2.0,0.0,1.0,2.0,40.0,4.0,4.0,16.0,4.0,14.0,28190.0,10,24.0,15.0
42,,35.036082,-85.303614,2019-02-05,1:50:26,1362 Passenger St,330A636001,0.069,CHATTANOOGA,cloudy,Overcast,partly-cloudy-night,Mostly Cloudy,1,58.62,72.46,56.96,,,,54.32,0.86,2,1,4.47,0.79,rain,0.0001,0.0017,1549353600,0,1,0,0,0,0,2.0,7.0,0.0,1.0,2.0,,2.0,2.0,12.0,4.0,19.0,,,18.0,15.0
41,,35.01406,-85.274554,2019-02-05,14:56:52,Dodds Ave / E 24th St,330B654001,0.374,CHATTANOOGA,partly-cloudy-day,Mostly Cloudy,partly-cloudy-night,Mostly Cloudy,14,70.19,72.15,56.46,,,,58.77,0.67,2,1,5.67,0.76,rain,0.0001,0.0017,1549353600,0,1,0,0,0,0,2.0,7.0,0.0,1.0,2.0,,2.0,2.0,12.0,4.0,19.0,,,18.0,15.0
40,,35.048043,-85.292752,2019-02-05,5:20:09,900 E 3rd St,330A385001,0.037,CHATTANOOGA,cloudy,Overcast,partly-cloudy-night,Mostly Cloudy,5,57.42,72.48,56.94,,,,54.76,0.91,2,1,4.49,0.79,rain,0.0001,0.0017,1549353600,0,1,0,0,0,0,2.0,0.0,0.0,,2.0,,2.0,2.0,12.0,4.0,19.0,,,26.0,15.0
39,,35.071784,-85.155265,2019-02-05,11:22:13,3018 Hickory Valley Rd,33SR317001,3.331,CHATTANOOGA,cloudy,Overcast,partly-cloudy-night,Mostly Cloudy,11,61.79,72.31,56.81,,,,56.84,0.84,2,1,5.97,0.76,rain,0.0001,0.0014,1549353600,0,1,0,0,0,0,2.0,4.0,0.0,1.0,2.0,50.0,2.0,2.0,13.0,1.0,14.0,17080.0,11,12.0,15.0
38,,35.046723,-85.293772,2019-02-05,1:27:05,400 Palmetto St,330A384001,0.284,CHATTANOOGA,cloudy,Overcast,partly-cloudy-night,Mostly Cloudy,1,58.59,72.46,56.93,,,,54.3,0.86,2,1,4.44,0.79,rain,0.0001,0.0017,1549353600,0,1,0,0,0,0,2.0,7.0,0.0,1.0,2.0,30.0,2.0,2.0,12.0,4.0,19.0,,,24.0,15.0
37,,34.989228,-85.193519,2019-02-05,10:43:41,6735 Ringgold Rd,33SR008001,0.391,EAST RIDGE,cloudy,Overcast,partly-cloudy-night,Mostly Cloudy,10,59.89,72.25,57.01,,,,56.54,0.89,2,1,5.44,0.76,rain,0.0001,0.0017,1549353600,0,1,0,0,0,0,2.0,2.0,0.0,1.0,2.0,35.0,4.0,4.0,21.0,1.0,16.0,10510.0,11,24.0,15.0
36,,35.041707,-85.260666,2019-02-05,13:41:43,2525 De Sales Ave,3305767001,0.308,CHATTANOOGA,partly-cloudy-day,Mostly Cloudy,partly-cloudy-night,Mostly Cloudy,13,65.97,71.99,56.48,,,,58.32,0.76,2,1,5.62,0.79,rain,0.0001,0.0018,1549353600,0,1,0,0,0,0,2.0,0.0,0.0,,2.0,35.0,2.0,2.0,18.0,4.0,16.0,5680.0,12,30.0,15.0
35,,35.036618,-85.240924,2019-02-05,14:48:12,500-599 TUNNEL BLVD,3303577001,2.595,CHATTANOOGA,partly-cloudy-day,Mostly Cloudy,partly-cloudy-night,Mostly Cloudy,14,70.1,72.07,56.34,,,,58.74,0.67,2,1,5.81,0.76,rain,0.0001,0.0017,1549353600,0,1,0,0,0,0,2.0,7.0,0.0,1.0,2.0,30.0,2.0,2.0,18.0,4.0,16.0,7060.0,10,24.0,15.0
34,,35.138609,-85.247845,2019-02-05,8:54:05,5430-5467 HIGHWAY 153,33SR153001,9.429,CHATTANOOGA,cloudy,Overcast,partly-cloudy-night,Mostly Cloudy,8,56.64,72.52,56.61,,,,54.47,0.92,2,1,4.51,0.82,rain,0.0001,0.0018,1549353600,0,1,0,0,0,0,2.0,2.0,0.0,1.0,2.0,45.0,6.0,6.0,13.0,1.0,14.0,45300.0,11,36.0,15.0
33,,35.14182,-85.248735,2019-02-05,4:59:45,Highway 153 / Gadd Rd,3303593001,2.22,CHATTANOOGA,cloudy,Overcast,partly-cloudy-night,Mostly Cloudy,4,56.94,72.55,56.55,,,,54.49,0.92,2,1,7.03,0.82,rain,0.0001,0.0017,1549353600,0,1,0,0,0,0,2.0,2.0,0.0,1.0,2.0,40.0,2.0,2.0,18.0,4.0,16.0,7070.0,12,12.0,15.0
32,,35.065062,-85.272718,2019-02-05,11:09:07,2130 Amnicola Hwy,3305395001,5.046,CHATTANOOGA,cloudy,Overcast,partly-cloudy-night,Mostly Cloudy,11,61.87,72.57,56.96,,,,57.3,0.85,2,1,5.44,0.8,rain,0.0001,0.0018,1549353600,0,1,0,0,0,0,2.0,5.0,0.0,1.0,2.0,50.0,4.0,4.0,16.0,4.0,14.0,33530.0,11,24.0,15.0
31,,35.032051,-85.166273,2019-02-05,4:47:37,1900-1999 N CONCORD RD,3304986001,1.083,CHATTANOOGA,cloudy,Overcast,partly-cloudy-night,Mostly Cloudy,4,57.28,72.21,56.91,,,,54.62,0.91,2,1,5.72,0.76,rain,0.0001,0.0015,1549353600,0,1,0,0,0,0,2.0,7.0,0.0,1.0,2.0,35.0,2.0,2.0,18.0,4.0,17.0,5180.0,13,22.0,15.0
30,,35.123228,-85.236736,2019-02-05,14:38:17,2070 Hamill Rd,330E891001,0.288,CHATTANOOGA,partly-cloudy-day,Mostly Cloudy,partly-cloudy-night,Mostly Cloudy,14,69.87,72.58,56.64,,,,58.88,0.68,2,1,7.09,0.81,rain,0.0001,0.0017,1549353600,0,1,0,0,0,0,2.0,7.0,0.0,1.0,2.0,,2.0,2.0,12.0,4.0,19.0,,,18.0,15.0
29,,35.043794,-85.279898,2019-02-05,0:04:03,N Holtzclaw Ave / E 3rd St,3303552001,1.819,CHATTANOOGA,clear-night,Clear,cloudy,Overcast,0,44.52,62.7,39.47,,,,42.24,0.92,2,1,4.85,0.75,NA,0.0,0.0,-1000,1,0,0,0,0,0,2.0,2.0,0.0,1.0,2.0,30.0,4.0,4.0,18.0,4.0,16.0,12970.0,11,24.0,15.0
28,,35.015591,-85.376588,2019-02-05,0:49:31,3550 Cummings Hwy,330C038001,0.753,CHATTANOOGA,clear-night,Clear,cloudy,Overcast,0,44.46,62.44,39.53,,,,42.44,0.93,2,1,4.8,0.72,NA,0.0,0.0,-1000,1,0,0,0,0,0,2.0,7.0,0.0,1.0,2.0,25.0,2.0,2.0,12.0,4.0,19.0,,,16.0,15.0
27,,35.023569,-85.159148,2019-02-05,23:14:47,1800 Gunbarrel Rd,330E442001,0.001,CHATTANOOGA,partly-cloudy-night,Mostly Cloudy,partly-cloudy-night,Mostly Cloudy,23,58.64,72.25,56.94,,,,56.29,0.92,2,1,5.6,0.76,rain,0.0001,0.0016,1549353600,0,1,0,0,0,0,2.0,7.0,0.0,1.0,2.0,,2.0,2.0,12.0,4.0,19.0,,,20.0,15.0
26,,34.996081,-85.206737,2019-02-05,14:19:57,100 Interstate 75 Nb,33I0075001,0.771,,partly-cloudy-day,Mostly Cloudy,partly-cloudy-night,Mostly Cloudy,14,70.32,72.39,56.78,,,,58.7,0.67,2,1,5.84,0.76,rain,0.0001,0.0016,1549353600,0,1,0,0,0,0,1.0,2.0,2.0,1.0,2.0,55.0,6.0,8.0,2.0,1.0,11.0,108850.0,9,36.0,15.0
25,,35.019632,-85.161274,2019-02-05,21:27:38,1618 Gunbarrel Rd,3304987001,0.328,CHATTANOOGA,partly-cloudy-night,Partly Cloudy,partly-cloudy-night,Mostly Cloudy,21,61.51,72.24,56.95,,,,55.76,0.81,2,1,5.87,0.76,rain,0.0001,0.0016,1549353600,0,1,0,0,0,0,2.0,7.0,0.0,1.0,2.0,40.0,4.0,4.0,18.0,4.0,14.0,26160.0,11,24.0,15.0
24,,35.15147,-85.218496,2019-02-05,18:41:11,5690 - 5699 Middle Valley Rd,33SR319001,6.45,CHATTANOOGA,partly-cloudy-day,Mostly Cloudy,partly-cloudy-night,Mostly Cloudy,18,69.96,72.69,56.66,,,,56.42,0.62,2,1,8.69,0.82,rain,0.0001,0.0016,1549353600,0,1,0,0,0,0,2.0,4.0,0.0,1.0,2.0,45.0,4.0,4.0,13.0,1.0,14.0,,,24.0,15.0
23,,35.024183,-85.383715,2019-02-05,22:45:27,3900 Kellys Ferry Rd,330C037001,0.674,CHATTANOOGA,partly-cloudy-night,Partly Cloudy,partly-cloudy-night,Partly Cloudy,22,61.6,71.87,56.28,,,,56.23,0.83,2,1,2.93,0.78,NA,0.0,0.0007,1549353600,0,1,0,0,0,0,2.0,7.0,0.0,,2.0,30.0,2.0,2.0,12.0,4.0,19.0,,,16.0,15.0
22,,35.053263,-85.260921,2019-02-05,8:09:23,2285 Wilcox Blvd,33SR017001,4.833,CHATTANOOGA,cloudy,Overcast,partly-cloudy-night,Mostly Cloudy,8,56.79,72.34,56.78,,,,54.64,0.93,2,1,3.38,0.8,rain,0.0001,0.0018,1549353600,0,1,0,0,0,0,2.0,2.0,0.0,1.0,2.0,35.0,2.0,2.0,13.0,1.0,16.0,7210.0,11,20.0,15.0
21,,34.993791,-85.232312,2019-02-05,2:17:59,5340 Ringgold Rd,330B900001,0.036,EAST RIDGE,cloudy,Overcast,partly-cloudy-night,Mostly Cloudy,2,57.42,72.34,56.7,,,,54.44,0.9,2,1,4.25,0.76,rain,0.0001,0.0016,1549353600,0,1,0,0,0,0,2.0,7.0,0.0,,2.0,15.0,2.0,2.0,12.0,4.0,19.0,,,26.0,15.0
20,,35.128434,-85.247114,2019-02-05,1:24:01,4849 Hixson Pike,330C864001,0.032,CHATTANOOGA,cloudy,Overcast,partly-cloudy-night,Mostly Cloudy,1,58.37,72.47,56.53,,,,54.14,0.86,2,1,4.71,0.81,rain,0.0001,0.0018,1549353600,0,1,0,0,0,0,2.0,7.0,0.0,,2.0,,2.0,2.0,12.0,4.0,19.0,,,26.0,15.0
19,,35.112321,-85.252163,2019-02-05,20:37:12,4300-4324 N Access Rd,3303542001,0.32,CHATTANOOGA,partly-cloudy-night,Mostly Cloudy,partly-cloudy-night,Mostly Cloudy,20,65.44,72.58,56.79,,,,56.5,0.73,2,1,6.72,0.81,rain,0.0001,0.0017,1549353600,0,1,0,0,0,0,,,,,,,,,18.0,4.0,16.0,18750.0,12,,
18,,35.020313,-85.365756,2019-02-05,17:07:35,CUMMINGS HWY / BROWNS FERRY RD,33SR002001,3.191,CHATTANOOGA,partly-cloudy-day,Partly Cloudy,partly-cloudy-night,Partly Cloudy,17,71.54,72.58,56.99,,,,56.05,0.58,2,1,3.51,0.78,rain,0.0001,0.0018,1549353600,0,1,0,0,0,0,2.0,2.0,0.0,1.0,2.0,45.0,4.0,4.0,21.0,1.0,16.0,9930.0,12,24.0,15.0
17,,35.037851,-85.26797,2019-02-05,2:20:07,281 N Lyerly St,330A679001,0.464,CHATTANOOGA,cloudy,Overcast,partly-cloudy-night,Mostly Cloudy,2,57.55,72.44,56.93,,,,54.51,0.9,2,1,3.67,0.79,rain,0.0001,0.0017,1549353600,0,1,0,0,0,0,2.0,0.0,0.0,,2.0,30.0,2.0,2.0,12.0,4.0,19.0,,,30.0,15.0
16,,35.016905,-85.18191,2019-02-05,1:40:40,1300 - 1331 Hickory Valley Rd,3303603001,0.003,CHATTANOOGA,cloudy,Overcast,partly-cloudy-night,Mostly Cloudy,1,58.61,72.19,56.92,,,,53.99,0.85,2,1,4.53,0.76,rain,0.0001,0.0015,1549353600,0,1,0,0,0,0,2.0,2.0,0.0,1.0,2.0,35.0,2.0,2.0,18.0,4.0,16.0,13120.0,12,12.0,15.0
15,,35.036752,-85.309437,2019-02-05,2:44:07,200 W Main St,330A643001,0.132,CHATTANOOGA,cloudy,Overcast,partly-cloudy-night,Mostly Cloudy,2,57.64,72.62,57.0,,,,54.54,0.89,2,1,3.17,0.79,rain,0.0001,0.0017,1549353600,0,1,0,0,0,0,2.0,0.0,0.0,,2.0,,2.0,2.0,12.0,4.0,19.0,,,30.0,15.0
14,,35.070408,-85.315736,2019-02-05,17:58:24,610 Gurley St,330A318001,0.567,CHATTANOOGA,partly-cloudy-day,Partly Cloudy,partly-cloudy-night,Mostly Cloudy,17,70.81,72.16,56.55,,,,56,0.6,2,1,7.41,0.8,rain,0.0001,0.0018,1549353600,0,1,0,0,0,0,2.0,0.0,0.0,,2.0,,2.0,2.0,12.0,4.0,19.0,,,16.0,15.0
13,,35.055334,-85.280388,2019-02-05,3:10:08,1530 RIVERSIDE DR,3305395001,4.205,CHATTANOOGA,cloudy,Overcast,partly-cloudy-night,Mostly Cloudy,3,57.49,72.57,57.01,,,,54.78,0.91,2,1,6.86,0.8,rain,0.0001,0.0017,1549353600,0,1,0,0,0,0,2.0,5.0,0.0,1.0,2.0,50.0,4.0,4.0,16.0,4.0,14.0,24820.0,12,24.0,15.0
12,,35.035486,-85.319543,2019-02-05,23:27:48,20 HIGHWAY 27 SB,33I0124001,0.474,CHATTANOOGA,partly-cloudy-night,Partly Cloudy,partly-cloudy-night,Partly Cloudy,23,60.63,72.65,57.03,,,,56.68,0.87,2,1,2.54,0.79,rain,0.0001,0.0017,1549353600,0,1,0,0,0,0,2.0,5.0,2.0,1.0,2.0,55.0,6.0,8.0,2.0,1.0,11.0,75180.0,10,36.0,15.0
11,,35.144137,-85.315761,2019-02-05,18:30:02,E BROW RD / W RD,330C520001,0.003,HAMILTON COUNTY,partly-cloudy-day,Mostly Cloudy,partly-cloudy-night,Mostly Cloudy,18,66.76,69.26,54.39,,,,56.43,0.69,2,1,7.61,0.83,rain,0.0001,0.0021,1549353600,0,1,0,0,0,0,2.0,0.0,0.0,,2.0,,2.0,2.0,12.0,4.0,19.0,,,20.0,15.0
10,,35.000853,-85.132549,2019-02-05,18:46:00,Hurricane Creek Rd / E Brainerd Rd,33SR320001,4.841,CHATTANOOGA,partly-cloudy-day,Mostly Cloudy,partly-cloudy-night,Mostly Cloudy,18,69.59,72.07,56.72,,,,56.74,0.64,2,1,7.24,0.76,rain,0.0001,0.0015,1549353600,0,1,0,0,0,0,2.0,4.0,0.0,1.0,2.0,40.0,4.0,4.0,21.0,1.0,14.0,19580.0,11,24.0,15.0
9,,35.000853,-85.132549,2019-02-05,8:51:00,Hurricane Creek Rd / E Brainerd Rd,33SR320001,4.841,CHATTANOOGA,cloudy,Overcast,partly-cloudy-night,Mostly Cloudy,8,56.72,72.07,56.72,,,,54.62,0.93,2,1,3.63,0.76,rain,0.0001,0.0015,1549353600,0,1,0,0,0,0,2.0,4.0,0.0,1.0,2.0,40.0,4.0,4.0,21.0,1.0,14.0,19580.0,11,24.0,15.0
8,,35.000853,-85.132549,2019-02-05,22:55:41,E Brainerd Rd / Morris Hill Rd,33SR320001,4.841,CHATTANOOGA,partly-cloudy-night,Mostly Cloudy,partly-cloudy-night,Mostly Cloudy,22,59.7,72.07,56.72,,,,55.59,0.86,2,1,5.26,0.76,rain,0.0001,0.0015,1549353600,0,1,0,0,0,0,2.0,4.0,0.0,1.0,2.0,40.0,4.0,4.0,21.0,1.0,14.0,19580.0,11,24.0,15.0
7,,35.111696,-85.231389,2019-02-05,20:20:36,4601 N ACCESS RD,33SR153001,7.308,CHATTANOOGA,partly-cloudy-night,Mostly Cloudy,partly-cloudy-night,Mostly Cloudy,20,65.08,72.5,56.59,,,,56.45,0.74,2,1,6.86,0.81,rain,0.0001,0.0017,1549353600,0,1,0,0,0,0,2.0,0.0,2.0,0.0,2.0,55.0,4.0,4.0,13.0,1.0,12.0,47830.0,11,24.0,15.0
6,,35.014178,-85.162781,2019-02-05,9:24:58,7428 E Brainerd Rd,33SR320001,2.701,CHATTANOOGA,cloudy,Overcast,partly-cloudy-night,Mostly Cloudy,9,58.82,72.26,56.97,,,,55.74,0.9,2,1,5.34,0.76,rain,0.0001,0.0016,1549353600,0,1,0,0,0,0,2.0,2.0,0.0,1.0,2.0,40.0,4.0,4.0,21.0,1.0,14.0,28570.0,10,22.0,15.0
5,,34.992231,-85.289751,2019-02-05,22:25:34,4400 Rossville Blvd,330A906001,0.036,CHATTANOOGA,partly-cloudy-night,Partly Cloudy,partly-cloudy-night,Partly Cloudy,22,61.53,72.52,56.69,,,,55.96,0.82,2,1,2.84,0.78,rain,0.0001,0.0017,1549353600,0,1,0,0,0,0,2.0,7.0,0.0,1.0,2.0,30.0,2.0,2.0,12.0,4.0,19.0,,,20.0,15.0
4,,35.168005,-85.070784,2019-02-05,16:25:46,Greenwood Rd / Cedar Retreat Ln,330E186001,0.426,HAMILTON COUNTY,partly-cloudy-day,Partly Cloudy,partly-cloudy-night,Mostly Cloudy,16,71.4,71.4,56.28,,,,56.66,0.6,2,1,10,0.81,NA,0.0,0.0011,1549353600,0,1,0,0,0,0,2.0,0.0,0.0,,2.0,35.0,2.0,2.0,11.0,2.0,19.0,,,18.0,15.0
3,,35.074667,-85.196194,2019-02-05,17:44:41,BONNY OAKS DR / REDLANDS DR,330D213001,0.003,CHATTANOOGA,partly-cloudy-day,Partly Cloudy,partly-cloudy-night,Mostly Cloudy,17,71.08,72.36,56.54,,,,56.11,0.59,2,1,7.88,0.76,rain,0.0001,0.0016,1549353600,0,1,0,0,0,0,2.0,7.0,0.0,,2.0,,2.0,2.0,12.0,4.0,19.0,,,20.0,15.0
2,,35.073962,-85.181413,2019-02-05,20:45:38,Cecelia Dr / Bonny Oaks Dr,33SR317001,1.82,CHATTANOOGA,partly-cloudy-night,Partly Cloudy,partly-cloudy-night,Mostly Cloudy,20,64.64,72.32,56.5,,,,56.47,0.75,2,1,6.29,0.76,rain,0.0001,0.0016,1549353600,0,1,0,0,0,0,2.0,2.0,0.0,1.0,2.0,45.0,2.0,2.0,13.0,1.0,14.0,21980.0,11,11.0,15.0
1,,35.119695,-85.291474,2019-02-05,1:54:37,3901 Dayton Blvd,330C656001,0.052,RED BANK,cloudy,Overcast,partly-cloudy-night,Mostly Cloudy,1,58.18,72.13,56.34,,,,54.27,0.87,2,1,4.56,0.81,rain,0.0001,0.002,1549353600,0,1,0,0,0,0,2.0,7.0,0.0,,2.0,,2.0,2.0,12.0,4.0,19.0,,,18.0,15.0
0,,35.047515,-85.301002,2019-02-05,23:26:49,607 DOUGLAS ST,3305001001,0.362,CHATTANOOGA,partly-cloudy-night,Mostly Cloudy,partly-cloudy-night,Mostly Cloudy,23,60.28,72.44,56.9,,,,56.6,0.88,2,1,6.02,0.79,rain,0.0001,0.0017,1549353600,0,1,0,0,0,0,2.0,9.0,0.0,1.0,2.0,30.0,2.0,2.0,18.0,4.0,17.0,4740.0,12,22.0,15.0
